id,abbreviation,alternative_name,category,created_at,name,platform_logo,platform_family,slug,summary,updated_at,url,versions,websites,checksum,platform_type
3,Linux,GNU/Linux,4,1297639288,Linux,380,4,linux,"Linux is a free and open-source (FOSS/FLOSS) Operating System. In a more precise and complex definition, Linux is an open-source OS kernel on which a large variety of Operating Systems (known as Linux distributions) are built.",1718027289,https://www.igdb.com/platforms/linux,44,1,55b68ef4-2663-6f2e-a57a-d41257173767,4
4,N64,N64,1,1297639288,Nintendo 64,260,5,n64,,1718027289,https://www.igdb.com/platforms/n64,122|51,35,5fa1b80b-760b-4864-b217-d810be0f5737,1
5,Wii,Revolution,1,1297639288,Wii,326,5,wii,,1718027289,https://www.igdb.com/platforms/wii,283|730|731|72,275,6a1417f3-697b-1896-d6ce-ccb2d73a6b74,1
6,PC,mswin,4,1297639288,PC (Microsoft Windows),670,,win,,1718027289,https://www.igdb.com/platforms/win,14|1|15|13|530|531|534|532|513|529|124|533,2,50ef0869-39cd-be87-5221-8ef3f082834a,4
7,PS1,"PSX, PSOne, PS",1,1297639288,PlayStation,803,1,ps,,1718027289,https://www.igdb.com/platforms/ps,653|654|57,,a878b5e0-8230-bc65-d842-0c86d0c48349,1
8,PS2,PS2,1,1297639288,PlayStation 2,254,1,ps2,,1718027289,https://www.igdb.com/platforms/ps2,58|114,,4ea5687f-1834-ef04-3d2c-2ddc21910909,1
9,PS3,PS3,1,1297639288,PlayStation 3,79,1,ps3,,1718027289,https://www.igdb.com/platforms/ps3,5|4|6,3,7194dbc7-fcb0-7fb8-44a7-609db3aee29e,1
11,XBOX,,1,1297639288,Xbox,266,2,xbox,,1718027289,https://www.igdb.com/platforms/xbox,77,,68c89706-a8b9-6c17-31a5-4e4977be0d1d,1
12,X360,X360,1,1297639288,Xbox 360,622,2,xbox360,"Xbox 360 brings you a total games and entertainment experience. The largest library of games, including titles that get you right into the thick of it with Kinect. Plus, your whole family can watch HD movies, TV shows, live events, music, sports and more—across all your devices. Xbox 360 is the center of your games and entertainment universe.",1718027289,https://www.igdb.com/platforms/xbox360,2|3|495|83,4,34a16af2-775f-f963-b611-406f09935eaa,1
13,DOS,PC DOS,4,1297672223,DOS,38,,dos,,1718027289,https://www.igdb.com/platforms/dos,56|540,,7c7304db-1dc2-0c45-3afe-96cf1cf57d34,4
14,Mac,Mac OS,4,1297678396,Mac,867,,mac,,1718027289,https://www.igdb.com/platforms/mac,600|599|144|149|147|142|143|141|150|145|146|148|151|598|45|713,5,98cd1d18-6a0b-3f3d-1052-651e4b12bd39,4
15,C64,C64/C128/MAX,6,1297880639,Commodore C64/128/MAX,759,,c64,,1718027289,https://www.igdb.com/platforms/c64,36|595,,54658c60-570d-a541-03c3-4844fce797d7,6
16,Amiga,Commodore Amiga,6,1297880654,Amiga,,,amiga,,1718027289,https://www.igdb.com/platforms/amiga,111|112|19|109|113|522|110,,d437da5a-95ee-91b1-7cd6-927068f23fd4,6
18,NES,NES,1,1297941636,Nintendo Entertainment System,816,5,nes,,1718027289,https://www.igdb.com/platforms/nes,53|643|644,,867fe47b-06e4-1ad6-e131-a7977f249fdd,1
19,SNES,"SNES, Super Nintendo",1,1297941647,Super Nintendo Entertainment System,106,5,snes,,1718027289,https://www.igdb.com/platforms/snes,95|177|139|97|68,209,10cf6e1f-2fb5-59ae-f726-19b4d44ee142,1
20,NDS,NDS,5,1297941701,Nintendo DS,245,5,nds,,1718027289,https://www.igdb.com/platforms/nds,52|191|192|190,,5d9d3f39-bd2e-c2ab-00b1-f7a2b4a06b0f,5
21,NGC,GCN,1,1298032543,Nintendo GameCube,262,5,ngc,,1718027289,https://www.igdb.com/platforms/ngc,121|125|54,292,a4f1a6df-6027-591c-d044-3c94695a5e2a,1
22,GBC,GBC,5,1300187960,Game Boy Color,273,5,gbc,,1718027289,https://www.igdb.com/platforms/gbc,41,,928f7b2f-ae24-43e1-81de-e84c6915248a,5
23,DC,DC,1,1300188004,Dreamcast,270,3,dc,,1718027289,https://www.igdb.com/platforms/dc,16,276,ce32e5c6-5873-daa2-20d7-4f8360699164,1
24,GBA,GBA,5,1300201426,Game Boy Advance,256,5,gba,,1718027289,https://www.igdb.com/platforms/gba,193|194|40,,38e2ebb3-68e3-077d-b6b3-3052f72fa630,5
25,ACPC,Colour Personal Computer,6,1300206470,Amstrad CPC,845,,acpc,,1718027289,https://www.igdb.com/platforms/acpc,525|20,,84fa7104-34c3-fbbf-4e7f-5ded53b24bf3,6
26,ZXS,,6,1300206512,ZX Spectrum,371,,zxs,,1718027289,https://www.igdb.com/platforms/zxs,79,,5f976b25-41bd-2a75-4473-b253a682cc80,6
27,MSX,,6,1300206614,MSX,307,,msx,,1718027289,https://www.igdb.com/platforms/msx,47,,5acc4e76-377f-8d15-ea31-c58ad390b654,6
29,Genesis/MegaDrive,Sega Genesis,1,1300959838,Sega Mega Drive/Genesis,,3,genesis-slash-megadrive,,1718027289,https://www.igdb.com/platforms/genesis-slash-megadrive,624|625|622|623|627|628|626|64,,7894ff4c-e57a-5ccc-e55c-6bde2e08b358,1
30,Sega32,,1,1300959905,Sega 32X,279,3,sega32,,1718027289,https://www.igdb.com/platforms/sega32,61|703,,ee05ae96-b266-0c9d-3eda-d121fa534e47,1
32,Saturn,"JVC Saturn, Hi-Saturn, Samsung Saturn, V-Saturn",1,1302004506,Sega Saturn,49,3,saturn,,1718027289,https://www.igdb.com/platforms/saturn,65,6,be49b210-4863-d0e0-31b3-fca5007a3beb,1
33,Game Boy,GB,5,1302342089,Game Boy,274,5,gb,,1718027289,https://www.igdb.com/platforms/gb,182|39|181,,51594911-4d23-6bed-ac5e-1cd58ac88c5f,5
34,Android,Infocusa3,4,1302608861,Android,831,4,android,,1718027289,https://www.igdb.com/platforms/android,8|10|9|11|237|12|320|7|238|236|526|527|528|541|542|543|544|545|546|672|239,7,1519197d-b515-e889-ac2e-d076ce489ddf,4
35,Game Gear,GG,5,1303933831,Sega Game Gear,287,3,gamegear,,1718027289,https://www.igdb.com/platforms/gamegear,62,,504157a3-ba18-fc8e-7f89-b461079b3c4b,5
37,3DS,3DS,5,1317648479,Nintendo 3DS,834,5,3ds,,1718027289,https://www.igdb.com/platforms/3ds,50|675|676,9,3ee3c75b-d267-875e-c904-2994fdf22ad8,5
38,PSP,PSP,5,1317648479,PlayStation Portable,214,1,psp,,1718027289,https://www.igdb.com/platforms/psp,59|279|277|276|278,,86a0a615-f5ef-e78b-c8b9-be6b5548597a,5
39,iOS,,4,1317719747,iOS,248,,ios,,1718027289,https://www.igdb.com/platforms/ios,43,,5376c91c-0374-90e4-19dd-213780c9eb1d,4
41,WiiU,Project Cafe,1,1317739102,Wii U,239,5,wiiu,,1718027289,https://www.igdb.com/platforms/wiiu,73,10,7c8e6525-f93c-4778-bf4e-59ef2485367f,1
42,NGage,NGage,5,1317748649,N-Gage,258,,ngage,,1718027289,https://www.igdb.com/platforms/ngage,49|118,,9bc5d962-2764-96dd-179e-95166004608e,5
44,zod,,5,1317748794,Tapwave Zodiac,46,,zod,,1718027289,https://www.igdb.com/platforms/zod,69,,e95c16d7-abd6-61ab-cc2c-fc682a6151fa,5
46,Vita,PS Vita,5,1321701445,PlayStation Vita,232,1,psvita,,1718027289,https://www.igdb.com/platforms/psvita,275|274|60,34,51c221f7-f5ea-7651-bcc8-664dcc19c2e0,5
47,VC,VC,3,1326279244,Virtual Console,384,5,vc,,1718027354,https://www.igdb.com/platforms/vc,71,,ddf5f4c7-602d-e140-f745-904069968ac2,3
48,PS4,PS4,1,1326544944,PlayStation 4,231,1,ps4--1,"The PlayStation 4 system opens the door to an incredible journey through immersive new gaming worlds and a deeply connected gaming community. PS4 puts gamers first with an astounding launch line-up and over 180 games in development. Play amazing top-tier blockbusters and innovative indie hits on PS4. Developer inspired, gamer focused.",1718027289,https://www.igdb.com/platforms/ps4--1,17|178|179,11,499977cf-16b6-1abf-3664-be1a369a656e,1
49,XONE,XONE,1,1326545022,Xbox One,329,2,xboxone,"Welcome to a new generation of games and entertainment. Where games push the boundaries of realism. And television obeys your every command. Where listening to music while playing a game is a snap. And you can jump from TV to movies to music to a game in an instant. Where your experience is custom tailored to you. And the entertainment you love is all in one place. Welcome to the all-in-one, Xbox One",1718027289,https://www.igdb.com/platforms/xboxone,78|188|185|180,12,7f035357-e820-732f-cb2e-f2cd9e2c8aad,1
50,3DO,3DO,,1326829565,3DO Interactive Multiplayer,282,,3do,,1718027289,https://www.igdb.com/platforms/3do,18,,d0ca18d4-b12a-d1c3-173c-75b32ff483f4,1
51,fds,"Famicom Disk System, FDS",1,1339250964,Family Computer Disk System,299,5,fds,,1718027289,https://www.igdb.com/platforms/fds,38,,07258569-b2d7-8399-d5e9-a9673a913d99,1
52,Arcade,,2,1340047141,Arcade,827,,arcade,,1718027289,https://www.igdb.com/platforms/arcade,696|636|637|634|635|22|640|641|681|649|651|650|652|638|665|666|667|668|669|664,,662231de-f82c-654c-0b1f-eebe857fdf5f,2
53,MSX2,,,1340135256,MSX2,308,,msx2,,1718027289,https://www.igdb.com/platforms/msx2,48,,9e7a2979-fcb9-bbfe-3345-ced3dc1fb432,6
55,Mobile,Legacy Cellphone,,1340748377,Legacy Mobile Device,841,,mobile,,1718027289,https://www.igdb.com/platforms/mobile,46|539|514,293,b506d35f-3aa6-13c6-ac68-825605372843,5
57,WonderSwan,WS,,1342290746,WonderSwan,263,,wonderswan,,1718027289,https://www.igdb.com/platforms/wonderswan,76|117|84,,474adf60-4203-6616-de04-9f938b5bae68,5
58,SFAM,SFC,,1351254496,Super Famicom,74,5,sfam,,1718027289,https://www.igdb.com/platforms/sfam,639|67|98,,f59b0d21-d7d7-29fc-6fe3-3e0ddb4eb2f4,1
59,Atari2600,Atari VCS,,1372270420,Atari 2600,832,,atari2600,,1718027289,https://www.igdb.com/platforms/atari2600,24|673,372,2bdd2a34-760c-23ba-d46f-317fc82f68a7,1
60,Atari7800,Atari 7800 ProSystem,,1372270481,Atari 7800,303,,atari7800,,1718027289,https://www.igdb.com/platforms/atari7800,26,,e0fab88f-92d8-91f0-ca43-bd2136a54110,1
61,Lynx,,,1372270513,Atari Lynx,290,,lynx,,1718027289,https://www.igdb.com/platforms/lynx,29|189,,1a48e334-1d2a-c129-bb4b-fa1cf06f539f,5
62,Jaguar,,,1372270591,Atari Jaguar,286,,jaguar,,1718027289,https://www.igdb.com/platforms/jaguar,28,,0dc2c454-5045-3c8d-8a9d-410cbb27afd8,1
63,Atari-ST,,,1372338841,Atari ST/STE,367,,atari-st,,1718027289,https://www.igdb.com/platforms/atari-st,30,,7c9db592-ab9d-22ed-2d13-f7c4af1b45cf,6
64,SMS,"SMS, Mark III",,1372500217,Sega Master System/Mark III,,3,sms,,1718027289,https://www.igdb.com/platforms/sms,63|629|631|633|632|630,,a0b45da9-2351-375a-75db-2f97db930d6b,1
65,Atari8bit,,,1372500348,Atari 8-bit,373,,atari8bit,,1718027289,https://www.igdb.com/platforms/atari8bit,104|27,,5ccd0c6d-62d0-c3f0-1076-312170f0c50c,6
66,Atari5200,Atari 5200 SuperSystem,,1372500401,Atari 5200,304,,atari5200,the mother text,1718027289,https://www.igdb.com/platforms/atari5200,25,,cecca0f2-2080-3b7d-f831-1f4315d57304,1
67,intellivision,,,1372500437,Intellivision,312,,intellivision,,1718027289,https://www.igdb.com/platforms/intellivision,42,,61512ef6-4e21-6840-14e7-53d2463e86af,1
68,colecovision,Coleco,,1372500478,ColecoVision,311,,colecovision,,1718027289,https://www.igdb.com/platforms/colecovision,35,,a8222886-da9d-80d3-d900-fc264bec5f22,1
69,bbcmicro,BBC Micro,,1372500577,BBC Microcomputer System,294,,bbcmicro,,1718027289,https://www.igdb.com/platforms/bbcmicro,33,,cb3c3a58-7d28-fa95-755a-8eab59704122,6
70,vectrex,,,1372500628,Vectrex,305,,vectrex,,1718027289,https://www.igdb.com/platforms/vectrex,70,,a764763e-5aa0-1c36-4ed3-e7e36cdcd84b,1
71,vic-20,,,1372500665,Commodore VIC-20,313,,vic-20,,1718027289,https://www.igdb.com/platforms/vic-20,37,,1e56e9b7-5fc5-8097-5a45-212fc34ceac2,6
72,Ouya,,,1373409212,Ouya,236,,ouya,"The Ouya (/ˈuːjə/ oo-yə), stylized OUYA, is a microconsole running its own version of the Android operating system, developed by Ouya Inc. Julie Uhrman founded the project in 2012. She brought in designer Yves Béhar to collaborate on the design of the project, and Muffi Ghadiali as product manager to put together the engineering team. Development was funded via Kickstarter, raising $8.5 million and becoming the website's second-highest-earning project in its history.

Units started to ship to Kickstarter backers on March 28, 2013. The console was released to the general public on June 25, 2013, and features an exclusive Ouya store for applications and games designed specifically for the Ouya platform, of which the majority are casual games targeted at or used by a mass audience of casual gamers. Out of the box, Ouya supports media apps such as TwitchTV and XBMC media player. It runs a modified version of Android 4.1 Jelly Bean, and is open to rooting without voiding the warranty (developer models ordered during the Kickstarter campaign for $699 or $1,337 come pre-rooted). The console's hardware design allows it to be easily opened up, requiring only a standard screwdriver for easy modding and possible hardware addons.

All systems can be used as development kits, allowing any Ouya owner to also be a developer, without the need for licensing fees. All games are required to have some kind of free-to-play aspect, whether that be completely free, has a free trial, or has purchasable upgrades, levels, or other in-game items. The Ouya is classified as part of the eighth generation of video game consoles and as such is a rival competing against the PlayStation 4, Xbox One, and Wii U.",1718027289,https://www.igdb.com/platforms/ouya,55,13,850a5c04-079d-cbc1-7f7e-772f1241c110,1
73,blackberry,,,1384461165,BlackBerry OS,40,,blackberry,,1718027289,https://www.igdb.com/platforms/blackberry,34,,f99977dd-ca97-2e10-b06e-57083a4bf5ab,4
74,Win Phone,WP,,1384461218,Windows Phone,363,,winphone,,1718027289,https://www.igdb.com/platforms/winphone,226|225|227|224,,284b3e4a-a7a4-fdd9-b953-a2acf07e7005,4
75,Apple][,apple ][,,1387761685,Apple II,315,,appleii,"The Apple II is an 8-bit home computer, one of the first highly successful mass-produced microcomputer products, designed primarily by Steve Wozniak, manufactured by Apple Computer (now Apple Inc.) and introduced in 1977. It is the first model in a series of computers which were produced until Apple IIe production ceased in November 1993.",1718027289,https://www.igdb.com/platforms/appleii,21,,a30a93bf-3fba-5fb7-4c20-11b115e81949,6
77,x1,,,1390912460,Sharp X1,297,,x1,,1718027289,https://www.igdb.com/platforms/x1,66,,55031c11-dcd9-292c-525b-f9eba516647e,6
78,Sega CD,Mega CD,,1391918290,Sega CD,,3,sega-cd,,1746526427,https://www.igdb.com/platforms/sega-cd,80|736,,c8d5734b-d2cc-61d3-577c-fa5dd3804fcf,1
79,neogeomvs,Neo Geo Multi Video System,,1392122385,Neo Geo MVS,70,,neogeomvs,,1718027289,https://www.igdb.com/platforms/neogeomvs,81,,acaf643b-bfaf-7a95-a850-9c31a2ef433c,2
80,neogeoaes,AES,,1392122702,Neo Geo AES,69,,neogeoaes,,1718027289,https://www.igdb.com/platforms/neogeoaes,82,,461cff5f-0160-2746-4115-02f04de5c5fe,1
82,browser,Internet,,1395352375,Web browser,825,,browser,,1718027354,https://www.igdb.com/platforms/browser,663|662|655|656|657|658|659|86|661|660,,cd0efa80-f161-f8ee-52b2-cdd42d8138c5,3
84,sg1000,Sega Game 1000,,1397508064,SG-1000,815,3,sg1000,,1718027289,https://www.igdb.com/platforms/sg1000,92|91,,15a19c81-291c-0c1d-1f85-26891841cfd1,1
85,donner30,,,1399759171,Donner Model 30,,,donner30,,1718027289,https://www.igdb.com/platforms/donner30,93,,357a65c6-2f68-a05c-a3e4-0fdb4e3392ff,6
86,turbografx16,TG16,,1400825134,TurboGrafx-16/PC Engine,296,,turbografx16--1,,1718027289,https://www.igdb.com/platforms/turbografx16--1,99|733,382,1431dafa-6ade-86f7-af96-423613c2984d,1
87,virtualboy,VB,,1400825179,Virtual Boy,280,5,virtualboy,,1718027289,https://www.igdb.com/platforms/virtualboy,100,,065c4d14-54ec-c21d-66c1-f8214902dcaa,1
88,odyssey,Magnavox Odyssey; Odysee; Odisea; Odissea,,1407615978,Odyssey,,,odyssey--1,,1718027289,https://www.igdb.com/platforms/odyssey--1,101|170|167|169|171|168,211,b175d93b-0ecb-3930-17bc-aee0902b7f1b,1
89,microvision,,,1407616104,Microvision,314,,microvision--1,,1718027289,https://www.igdb.com/platforms/microvision--1,102,,b2ba6bdb-b95c-577f-3eb7-a14fa1ba113b,5
90,cpet,,,1407616183,Commodore PET,543,,cpet,,1718027289,https://www.igdb.com/platforms/cpet,103,216,f6b9f43d-fb88-f3cc-8e54-5db7bf24ff77,6
91,astrocade,Bally Arcade,,1411658604,Bally Astrocade,,,astrocade,,1718027289,https://www.igdb.com/platforms/astrocade,105,,dcbf332b-7da9-5043-0593-122188e228f2,1
93,C16,C16,,1414253528,Commodore 16,544,,c16,,1718027289,https://www.igdb.com/platforms/c16,107,213,52dfc78b-c805-4c3b-2605-4d72923dd460,6
94,C+4,,,1414256372,Commodore Plus/4,310,,c-plus-4,,1718027289,https://www.igdb.com/platforms/c-plus-4,108,,5f9d60aa-86b4-d995-475f-eaa6312b3332,6
95,pdp1,Programmed Data Processor-1,,1418566071,PDP-1,,,pdp1,,1718027289,https://www.igdb.com/platforms/pdp1,115,212,953037a0-e8d1-de71-b8ec-b5253c045139,6
96,pdp10,,,1418566103,PDP-10,,,pdp10,,1718027289,https://www.igdb.com/platforms/pdp10,116,,43067fb3-ff42-3361-3ad8-7d4a02d3ef1b,6
97,pdp-8,,,1424466295,PDP-8,,,pdp-8--1,,1718027289,https://www.igdb.com/platforms/pdp-8--1,119,,00d85184-30a0-ef09-c63b-0f36debbb53b,6
98,gt40,,,1424466486,DEC GT40,,,gt40,,1424466541,https://www.igdb.com/platforms/gt40,120,,479fe519-86c9-0bd1-0c72-311b125e7886,
99,famicom,Famicom,,1428863630,Family Computer,843,5,famicom,,1718027289,https://www.igdb.com/platforms/famicom,642|645|646|647|648|123,,59e97374-c8a8-c77e-c614-3e995093b802,1
100,analogueelectronics,,,1437899927,Analogue electronics,,,analogueelectronics,,1437903102,https://www.igdb.com/platforms/analogueelectronics,126,,01951a13-ac9d-9f80-2b02-f9a818d83326,
101,nimrod,,,1437899974,Ferranti Nimrod Computer,386,,nimrod,,1718027289,https://www.igdb.com/platforms/nimrod,127,,1c1b2c4f-8162-d710-fe5a-8100d906ad23,6
102,edsac,Electronic Delay Storage Automatic Calculator,,1437900025,EDSAC,389,,edsac--1,,1718027289,https://www.igdb.com/platforms/edsac--1,128,,2a22b66b-b683-1c07-6b8f-032ba6ae37a3,6
103,pdp-7,,,1437900057,PDP-7,,,pdp-7--1,,1437903108,https://www.igdb.com/platforms/pdp-7--1,129,,e828d5a4-68ad-b75c-dc50-f8ea7df31036,
104,hp2100,,,1437986402,HP 2100,,,hp2100,,1718027289,https://www.igdb.com/platforms/hp2100,130,,25bd63f2-2784-0eb8-ce57-b2b413680289,6
105,hp3000,,,1437986428,HP 3000,369,,hp3000,,1718027289,https://www.igdb.com/platforms/hp3000,131,,340e33b4-1faf-16b8-df8e-047dee150ea3,6
106,sdssigma7,,,1437986563,SDS Sigma 7,,,sdssigma7,,1718027289,https://www.igdb.com/platforms/sdssigma7,132,,71da7390-264f-8d6b-550d-80897b154d0d,6
107,call-a-computer,,,1437986752,Call-A-Computer time-shared mainframe computer system,,,call-a-computer,,1718027289,https://www.igdb.com/platforms/call-a-computer,133,,0429c948-7cc1-74e6-8b00-f0fb40471be4,6
108,pdp11,,,1438090148,PDP-11,,,pdp11,,1718027289,https://www.igdb.com/platforms/pdp11,134,,abcade6f-df6e-8469-e9ba-12f84382a267,6
109,cdccyber70,,,1438090241,CDC Cyber 70,374,,cdccyber70,,1718027289,https://www.igdb.com/platforms/cdccyber70,135,,fdea3c30-da57-ea22-d885-6881b5444086,6
110,plato,Programmed Logic for Automatic Teaching Operations,,1438518803,PLATO,375,,plato--1,,1718027289,https://www.igdb.com/platforms/plato--1,136,,4daea814-5e38-ce28-d4bb-d39b50f54b29,6
111,imlac-pds1,,,1438518875,Imlac PDS-1,,,imlac-pds1,,1438520149,https://www.igdb.com/platforms/imlac-pds1,137,,f6058e7f-0a66-beda-fe89-0c4f46a7864b,
112,microcomputer,,,1438766631,Microcomputer,,,microcomputer--1,,1438766662,https://www.igdb.com/platforms/microcomputer--1,138,,49f7f77d-42a9-0cae-368f-6f9475275e1f,
113,OnLive,,,1439410567,OnLive Game System,383,,onlive,,1758118913,https://www.igdb.com/platforms/onlive,140,15,91003de2-73d8-2745-545a-ceff3df3378b,3
114,Amiga CD32,,,1441268962,Amiga CD32,283,,amiga-cd32,,1758118665,https://www.igdb.com/platforms/amiga-cd32,152,,5eeaa315-7f58-081f-065f-1525f31d15af,1
115,,,,1441269003,Apple IIGS,295,,apple-iigs,,1718027289,https://www.igdb.com/platforms/apple-iigs,153,,3e89ea22-7494-1fd0-7015-3d910e5ce9d8,6
116,Acorn Archimedes,,,1441269115,Acorn Archimedes,388,,acorn-archimedes,,1758118687,https://www.igdb.com/platforms/acorn-archimedes,154,214,6abaac45-9689-0ab5-b1e2-838785bd5557,6
117,Philips CDI,,,1441269147,Philips CD-i,288,,philips-cdi,,1758118922,https://www.igdb.com/platforms/philips-cdi,155,,caf61421-6525-62fb-fe8c-21cba7a18c02,1
118,,,,1441269186,FM Towns,,,fm-towns,,1718027289,https://www.igdb.com/platforms/fm-towns,156|708|709|707,,fcc42eba-26ae-d493-9af0-889bdf6ce879,6
119,,NGP,,1441269219,Neo Geo Pocket,390,,neo-geo-pocket,,1718027289,https://www.igdb.com/platforms/neo-geo-pocket,157,,f3f606e9-e6da-2513-0e6d-153bbcfb6aa6,5
120,,NGPC,,1441269253,Neo Geo Pocket Color,269,,neo-geo-pocket-color,,1718027289,https://www.igdb.com/platforms/neo-geo-pocket-color,158,,0b13cb41-7b68-0d46-1e59-893dc3574eff,5
121,,,,1441269289,Sharp X68000,306,,sharp-x68000,,1718027289,https://www.igdb.com/platforms/sharp-x68000,159,,c5a70246-4d8c-b947-9984-6822d2152a75,6
122,,,,1441486362,Nuon,268,,nuon,,1718027289,https://www.igdb.com/platforms/nuon,160,172,5236c0f6-9edc-619b-1a87-75bb58e96147,1
123,,WSC,,1441486431,WonderSwan Color,900,,wonderswan-color,,1718027289,https://www.igdb.com/platforms/wonderswan-color,161|734,,20719c5d-bea9-64d7-e0bf-423714af506a,5
124,,,,1441486464,SwanCrystal,319,,swancrystal,,1718027289,https://www.igdb.com/platforms/swancrystal,162,,d800aac5-e234-b999-e7a7-594b88365237,5
125,,,,1445197781,PC-8800 Series,542,,pc-8800-series,,1718027289,https://www.igdb.com/platforms/pc-8800-series,163,217,ff011fa3-9542-95b2-6966-ff16061f254d,6
126,,,,1449708680,TRS-80,372,,trs-80,,1718027289,https://www.igdb.com/platforms/trs-80,164,,ef90888e-d926-3b01-4abf-1afc300876da,6
127,,,,1457441990,Fairchild Channel F,316,,fairchild-channel-f,,1718027289,https://www.igdb.com/platforms/fairchild-channel-f,212|165,,35af2227-e64b-fb8b-f82d-0ca8c8a42a8d,1
128,supergrafx,SuperGrafx,,1457444849,PC Engine SuperGrafx,364,,supergrafx,,1718027289,https://www.igdb.com/platforms/supergrafx,166,274,44f39d96-ad1f-0362-562a-deb5acbb5d44,1
129,ti-99,Texas Instruments TI-99/4A,,1459348522,Texas Instruments TI-99,540,,ti-99,,1718027289,https://www.igdb.com/platforms/ti-99,172|427,218,4903b3dc-6c95-9d81-9688-85cfcefcbdee,6
130,Switch,NX,,1465978941,Nintendo Switch,606,5,switch,,1718027289,https://www.igdb.com/platforms/switch,282|173|503,16,54ffcc6e-0d90-5924-6dfa-d03dc5f313a4,1
131,,SNES-CD,,1468482761,Super NES CD-ROM System,529,5,super-nes-cd-rom-system,,1723051262,https://www.igdb.com/platforms/super-nes-cd-rom-system,722|174,210,3cd436a1-a361-590e-974c-9a5e7b56b8a7,1
132,FireTV,,,1469722518,Amazon Fire TV,325,,firetv,,1758118890,https://www.igdb.com/platforms/firetv,176,,b127b736-52c5-a7d3-41ea-c933160404f6,3
133,,Magnavox Odyssey²,,1477304835,Odyssey 2 / Videopac G7000,112,,odyssey-2-slash-videopac-g7000,,1718027289,https://www.igdb.com/platforms/odyssey-2-slash-videopac-g7000,183,,4b367cea-bfd3-8e8d-06ed-3ad44b881f19,6
134,Acorn Electron,,,1479464068,Acorn Electron,301,,acorn-electron,,1758118642,https://www.igdb.com/platforms/acorn-electron,184,,6c2225b6-d043-7771-e4c0-886fd508223b,6
135,,,,1492121116,Hyper Neo Geo 64,117,,hyper-neo-geo-64,,1718027289,https://www.igdb.com/platforms/hyper-neo-geo-64,186,,b596b3ae-a479-8740-88fe-476ed59554ab,2
136,,NGCD,,1492121152,Neo Geo CD,281,,neo-geo-cd,,1718027289,https://www.igdb.com/platforms/neo-geo-cd,187,,a91eff1e-8477-4424-fc03-7f9498bf1fee,1
137,New 3DS,n3DS,,1504610734,New Nintendo 3DS,235,5,new-3ds,,1758118908,https://www.igdb.com/platforms/new-3ds,195|677,17,7c12708f-b175-95e7-d122-e762bd40a0f8,5
138,,,,1505224845,VC 4000,134,,vc-4000,,1718027289,https://www.igdb.com/platforms/vc-4000,196,18,884439cb-fee4-7a82-4df2-9e794930ea28,1
139,,,,1505224949,1292 Advanced Programmable Video System,136,,1292-advanced-programmable-video-system,,1718027289,https://www.igdb.com/platforms/1292-advanced-programmable-video-system,213|197,,bdf2f978-1819-d3ef-864a-a3eff4649034,1
140,,,,1505597372,AY-3-8500,128,,ay-3-8500,,1718027289,https://www.igdb.com/platforms/ay-3-8500,203|198|202|201|204|510,,57e726c1-0a36-2161-8f5d-b1b9004aa75d,6
141,,,,1505597392,AY-3-8610,,,ay-3-8610,,1718027289,https://www.igdb.com/platforms/ay-3-8610,199,,37b02e64-924a-66cd-0535-deb7d9b394f0,6
142,,,,1505597444,PC-50X Family,132,,pc-50x-family,,1718027289,https://www.igdb.com/platforms/pc-50x-family,205|200,,428f8abf-6e5a-2974-ba58-e4810a9d5f99,1
143,,,,1505829355,AY-3-8760,,,ay-3-8760,,1718027289,https://www.igdb.com/platforms/ay-3-8760,206,,b5e44529-a412-878d-6724-cef5beb6f0e3,1
144,,,,1505829367,AY-3-8710,,,ay-3-8710,,1718027289,https://www.igdb.com/platforms/ay-3-8710,207,,382b9587-b3d9-1d63-2977-ffe9227fedc5,1
145,,,,1505829384,AY-3-8603,,,ay-3-8603,,1718027289,https://www.igdb.com/platforms/ay-3-8603,208,,6f5369fb-9b55-cc3e-7467-258244f84845,1
146,,,,1505829395,AY-3-8605,,,ay-3-8605,,1718027289,https://www.igdb.com/platforms/ay-3-8605,209,,e3aa8c8a-fdcc-92da-c538-99ac1c8cd3cf,1
147,,,,1505829406,AY-3-8606,,,ay-3-8606,,1718027289,https://www.igdb.com/platforms/ay-3-8606,210,,9277fdec-23fe-f091-a5f7-e622e28095f6,1
148,,,,1505829417,AY-3-8607,,,ay-3-8607,,1718027289,https://www.igdb.com/platforms/ay-3-8607,211,,87f49579-c52e-8274-5aa1-0bfc227b3281,1
149,,PC-98,,1509010307,PC-9800 Series,366,,pc-9800-series,,1718027289,https://www.igdb.com/platforms/pc-9800-series,214,371,8d525f45-3a8b-20b2-b23f-71aa13174c49,6
150,,TG-16CD/PCECD,,1509010397,Turbografx-16/PC Engine CD,291,,turbografx-16-slash-pc-engine-cd,,1718027289,https://www.igdb.com/platforms/turbografx-16-slash-pc-engine-cd,215,,80a83d8e-e8e0-9eec-2bf6-10295673f9ef,6
151,,Tandy Color Computer,,1510050807,TRS-80 Color Computer,541,,trs-80-color-computer,,1718027289,https://www.igdb.com/platforms/trs-80-color-computer,216,19,10454a86-3955-6899-b204-e962396a2df5,6
152,,Fujitsu Micro 7,,1510050884,FM-7,538,,fm-7,,1718027289,https://www.igdb.com/platforms/fm-7,217,20,49050899-3df4-a377-b689-55dbf875486f,6
153,,,,1510050917,Dragon 32/64,302,,dragon-32-slash-64,,1718027289,https://www.igdb.com/platforms/dragon-32-slash-64,218,21,f8d22167-4719-4965-1cc6-057d237d3d64,6
154,APCW,,,1510050946,Amstrad PCW,547,,apcw,,1758118903,https://www.igdb.com/platforms/apcw,219,22,b3b0a695-4127-2067-8f1e-65ace68ade72,6
155,,,,1510050979,Tatung Einstein,368,,tatung-einstein,,1718027289,https://www.igdb.com/platforms/tatung-einstein,220,23,b4eb4e14-c426-5962-951f-5df28fe5175e,6
156,,,,1510051157,Thomson MO5,537,,thomson-mo5,,1718027289,https://www.igdb.com/platforms/thomson-mo5,221,24,32bd1b9c-39ff-ed6a-b050-60cdb7f58878,6
157,,,,1510051217,NEC PC-6000 Series,370,,nec-pc-6000-series,,1718027289,https://www.igdb.com/platforms/nec-pc-6000-series,222,25,d524e17d-b527-2fe1-1b30-dd63720ce795,6
158,,Commodore Dynamic Total Vision,,1510051264,Commodore CDTV,292,,commodore-cdtv,,1718027289,https://www.igdb.com/platforms/commodore-cdtv,223,26,7bbc21be-0440-9841-6b6c-873cf7fccfd6,6
159,,,,1516801272,Nintendo DSi,246,5,nintendo-dsi,,1718027289,https://www.igdb.com/platforms/nintendo-dsi,228|229,,ab06b6f3-90eb-6fdd-cd32-9186eb06950b,5
161,,WMR,,1518704263,Windows Mixed Reality,796,,windows-mixed-reality,,1518704273,https://www.igdb.com/platforms/windows-mixed-reality,231,28,9f7bb157-24f5-f7da-d05a-f0ca17c99cbe,
162,Oculus VR,,,1518704500,Oculus VR,158,,oculus-vr,,1632966500,https://www.igdb.com/platforms/oculus-vr,232,29|287,7eb8ba4e-4957-a747-0161-e060c6aa4616,
163,Steam VR,,,1518704804,SteamVR,159,,steam-vr,,1561990985,https://www.igdb.com/platforms/steam-vr,233,30,e2c8f5f7-2c50-5d2d-b9b9-1135281d38f4,
164,,,,1518705027,Daydream,160,,daydream,,1518705035,https://www.igdb.com/platforms/daydream,234,31,1f46c07d-381d-e92f-1b49-88d04abe2f19,
165,PSVR,PSVR,,1518705184,PlayStation VR,840,1,psvr,,1718027289,https://www.igdb.com/platforms/psvr,235,32,30a25716-22a9-9809-c83e-e26120b4e125,1
166,,,,1534977849,Pokémon mini,267,5,pokemon-mini,,1718027289,https://www.igdb.com/platforms/pokemon-mini,272,33,bb46fe0b-8a1a-74f6-79a0-97fe66f59198,5
167,PS5,PS5,,1543501750,PlayStation 5,892,1,ps5,,1718027289,https://www.igdb.com/platforms/ps5,273|724,281,53874689-0d86-1098-3299-4e9611491aed,1
169,Series X|S,XSX,,1565273347,Xbox Series X|S,561,2,series-x-s,,1718027289,https://www.igdb.com/platforms/series-x-s,489|284,238|105|36,9a646ddc-871a-2739-039a-9a21f50095f8,1
170,Stadia,Stadia,,1565274018,Google Stadia,328,4,stadia,,1718027354,https://www.igdb.com/platforms/stadia,285,37|280,cfb9d486-496f-de40-abac-dda586cbd944,3
203,,,,1572735485,DUPLICATE Stadia,,,duplicate-stadia,,1619110218,https://www.igdb.com/platforms/duplicate-stadia,318|319,70,12366451-f4e4-cf5c-f0a5-082805b2ff86,
236,,,,1573813337,Exidy Sorcerer,,,exidy-sorcerer,,1718027289,https://www.igdb.com/platforms/exidy-sorcerer,353,215,a51d37c0-a371-7d50-a0b4-67fbef8c636f,6
237,,,,1573813377,Sol-20,,,sol-20,,1718027289,https://www.igdb.com/platforms/sol-20,354,219,7f2bc259-a43a-833e-01ea-8b25496265e0,6
238,,Digital Versatile Disc Player,,1575389656,DVD Player,426,,dvd-player,,1718027289,https://www.igdb.com/platforms/dvd-player,355,104,e91a7d8c-abe8-27b9-fca1-c1a0c30cb072,1
239,,,,1575389856,Blu-ray Player,427,,blu-ray-player,,1718027289,https://www.igdb.com/platforms/blu-ray-player,356,103,2296e0d9-a847-372c-9dfc-5795c26dca8e,1
240,,,,1581893849,Zeebo,429,,zeebo,,1718027289,https://www.igdb.com/platforms/zeebo,357,106,3144f772-5f8c-979a-b564-06791a55b3be,1
274,,,,1587755314,PC-FX,548,,pc-fx,,1718027289,https://www.igdb.com/platforms/pc-fx,392,139,161181b5-a709-a13a-3905-4b2996b037c1,1
306,,,,1590781904,Satellaview,595,5,satellaview,,1718027289,https://www.igdb.com/platforms/satellaview,423,289|205,ba804a1c-2489-dd51-f9bc-4951e33d115f,1
307,G&W,"Tricotronic, GW, G&W",,1590782312,Game & Watch,531,5,g-and-w,,1718027289,https://www.igdb.com/platforms/g-and-w,424,206,970d8001-74d6-5e6e-9907-86f33c841b20,5
308,,,,1590782393,Playdia,532,,playdia,,1718027289,https://www.igdb.com/platforms/playdia,425,208,383c8e65-0809-d310-5f88-2efa7ca491c5,1
309,Evercade,,,1590782488,Evercade,754,,evercade,,1758118777,https://www.igdb.com/platforms/evercade,500|426|594,207,2ac8eca4-87ae-1f57-da1a-fb59dc83594a,5
339,,Kids Computer Pico,,1595870777,Sega Pico,600,3,sega-pico,,1718027289,https://www.igdb.com/platforms/sega-pico,456,,ffe685ce-7e35-b567-c90a-e7091789ad1f,1
372,,,,1606551304,OOParts,594,,ooparts,,1718027354,https://www.igdb.com/platforms/ooparts,490,271,8801a657-0626-46c5-2e2b-a291d3eeb41a,3
373,,ZX81,,1607024002,Sinclair ZX81,603,,sinclair-zx81,,1718027289,https://www.igdb.com/platforms/sinclair-zx81,491,,2401e3dd-dbac-9c49-4011-0dc981f926a8,6
374,,,,1607297122,Sharp MZ-2200,,,sharp-mz-2200,,1718027289,https://www.igdb.com/platforms/sharp-mz-2200,492,,128624a5-38d4-e885-ad51-d0d49651729f,6
375,,,,1612947243,Epoch Cassette Vision,744,,epoch-cassette-vision,,1718027289,https://www.igdb.com/platforms/epoch-cassette-vision,493,272,d1844ca2-5a22-9163-05e4-83b81ad1702c,1
376,,YENO Super Cassette Vision,,1613049313,Epoch Super Cassette Vision,743,,epoch-super-cassette-vision,,1718027289,https://www.igdb.com/platforms/epoch-super-cassette-vision,494,273,c02e43ee-1200-a498-3eb1-ed0cc6691245,1
377,,TV Game,,1620778281,Plug & Play,,,plug-and-play,,1718027354,https://www.igdb.com/platforms/plug-and-play,684|685|686|687|688|496,277,024d3978-546a-4de7-b67c-2575ded506b9,3
378,Gamate,Super Boy,,1620794404,Gamate,627,,gamate,,1758118791,https://www.igdb.com/platforms/gamate,497,290|305,9c2834f8-1fdc-0b75-8e6d-5c95777eb5ad,5
379,,Tiger Game.com,,1621003540,Game.com,596,,game-dot-com,,1718027289,https://www.igdb.com/platforms/game-dot-com,498,309,932ff385-4d70-059e-8c46-e77ab6f3f79c,5
380,,Loopy,,1621275846,Casio Loopy,742,,casio-loopy,,1718027289,https://www.igdb.com/platforms/casio-loopy,499,,7f2feb8d-decf-9547-46e7-946090bb6b1b,1
381,Playdate,,,1623169275,Playdate,609,,playdate,,1758118908,https://www.igdb.com/platforms/playdate,501,278,2574af29-cd42-ab89-5c04-cb9afa037888,5
382,,,,1623689576,Intellivision Amico,745,,intellivision-amico,,1718027289,https://www.igdb.com/platforms/intellivision-amico,502,279,488e69e9-49d4-08f8-01c2-ecc84a3c023a,1
384,,Quest,,1631819038,Oculus Quest,619,,oculus-quest,,1718027289,https://www.igdb.com/platforms/oculus-quest,505,282|288,9ea821b3-bd5d-ce73-f689-58ca16c61159,1
385,,Rift,,1632256230,Oculus Rift,836,,oculus-rift,,1718027289,https://www.igdb.com/platforms/oculus-rift,506|680,283,6bba26e3-f6a8-6eb2-3c18-40ded1a9dbc4,1
386,Meta Quest 2,Quest 2,,1632258796,Meta Quest 2,756,,meta-quest-2,,1718027289,https://www.igdb.com/platforms/meta-quest-2,507|593,284|341,11af8042-ec54-e93e-5fa6-7a76c7cb53da,1
387,,Go,,1632259181,Oculus Go,740,,oculus-go,,1718027289,https://www.igdb.com/platforms/oculus-go,508,285,131bfb27-b5dc-8094-bbec-00669faeafe7,1
388,Gear VR,Samsung Gear VR,,1632259330,Gear VR,739,,gear-vr,,1758118811,https://www.igdb.com/platforms/gear-vr,509,286,4711a8bd-8daa-a0e2-0d19-2e01b1c7772d,1
389,,,,1636659678,AirConsole,746,,airconsole,,1718027354,https://www.igdb.com/platforms/airconsole,511,291,a77055cc-db7f-5dec-b286-f20e3203e469,3
390,PSVR2,PSVR2,,1641416080,PlayStation VR2,869,1,psvr2,,1718027289,https://www.igdb.com/platforms/psvr2,512,342,fddde726-c309-5a1d-c083-a27ca10e9171,1
405,,Pocket PC,,1652748836,Windows Mobile,741,,windows-mobile,,1718027289,https://www.igdb.com/platforms/windows-mobile,535|538|523|537|536,304,a1d6cad7-ca73-8958-ccbc-0a7725909e4c,4
406,,Sinclair Quantum Leap,,1654164019,Sinclair QL,665,,sinclair-ql,,1718027289,https://www.igdb.com/platforms/sinclair-ql,524,308,5e41b297-57b8-ea26-8551-45018132744b,6
407,,,,1660147544,HyperScan,686,,hyperscan,,1718027289,https://www.igdb.com/platforms/hyperscan,547,306,637c3135-9599-d349-01ac-fecf4dbee4e7,1
408,,WG-108,,1660155539,Mega Duck/Cougar Boy,687,,mega-duck-slash-cougar-boy,,1718027289,https://www.igdb.com/platforms/mega-duck-slash-cougar-boy,548,307,ef4fb0b4-91a2-13bc-b9f9-33ee00c023cb,5
409,,,,1660235221,Legacy Computer,,,legacy-computer,,1718027289,https://www.igdb.com/platforms/legacy-computer,549,,183b1ebe-1f2b-efee-db1e-30a901a3f36d,6
410,,Jag CD,,1660245561,Atari Jaguar CD,688,,atari-jaguar-cd,,1718027289,https://www.igdb.com/platforms/atari-jaguar-cd,550,310,61ca1161-50f5-58b9-c4e9-8af52e609ebe,1
411,Handheld,Handheld LCD Game,,1660246143,Handheld Electronic LCD,,,handheld,,1758118598,https://www.igdb.com/platforms/handheld,691|692|551,,a9aa4c59-f327-b536-4dc9-32e5eaf925b7,5
412,,Leapster Learning Game System,,1660246910,Leapster,689,,leapster,,1718027289,https://www.igdb.com/platforms/leapster,552,311,95381af1-8219-24f9-985b-f8845b535351,5
413,,,,1660313623,Leapster Explorer/LeadPad Explorer,838,,leapster-explorer-slash-leadpad-explorer,,1718027289,https://www.igdb.com/platforms/leapster-explorer-slash-leadpad-explorer,553,312,949270c4-4157-36e0-665e-48d282c871cc,5
414,,LeapTV VCD,,1660314942,LeapTV,690,,leaptv,,1718027289,https://www.igdb.com/platforms/leaptv,554,313,b331c310-8a8e-e760-44e6-0a2fb2c236e5,1
415,,,,1660319701,Watara/QuickShot Supervision,691,,watara-slash-quickshot-supervision,,1718027289,https://www.igdb.com/platforms/watara-slash-quickshot-supervision,555,314,0d29fa88-d67e-cea5-1797-2c69913b8567,5
416,64DD,Nintendo 64DD,,1660320790,64DD,692,5,64dd,,1758118574,https://www.igdb.com/platforms/64dd,556,315,62f98481-2f80-3d55-bba6-03300ecf3941,1
417,,Garnet OS,,1660322541,Palm OS,693,,palm-os,,1718027289,https://www.igdb.com/platforms/palm-os,557,316,95d7ef1f-a393-9d36-9364-27bc1a7a0f58,4
438,Arduboy,,,1663685343,Arduboy,726,,arduboy,,1758118715,https://www.igdb.com/platforms/arduboy,588,337,db7a51fa-483e-980e-8799-b361ce90ba9b,5
439,,V.SMILE TV LEARNING SYSTEM,,1663688323,V.Smile,727,,vsmile,,1718027289,https://www.igdb.com/platforms/vsmile,589,338,97677603-193b-01c8-6137-03cb29ee202d,1
440,,VMU / VMS,,1666800981,Visual Memory Unit / Visual Memory System,728,3,visual-memory-unit-slash-visual-memory-system,,1718027289,https://www.igdb.com/platforms/visual-memory-unit-slash-visual-memory-system,590,339,fe71564a-8844-6d39-137b-51a79dc9b7e9,5
441,,,,1666808653,PocketStation,732,1,pocketstation,,1718027289,https://www.igdb.com/platforms/pocketstation,591,340,80566d74-2618-6fb8-f422-ed1f1017874c,5
471,Meta Quest 3,,,1685641825,Meta Quest 3,839,,meta-quest-3,,1755551017,https://www.igdb.com/platforms/meta-quest-3,621,370,5506c786-6137-3fa4-db42-bfdbbf7fdfa9,1
472,,,,1707507250,visionOS,847,,visionos,,1718027289,https://www.igdb.com/platforms/visionos,682,373,37b4bc03-178b-abcb-ea93-4a328f25d80c,4
473,,,,1707940238,Arcadia 2001,848,,arcadia-2001,,1718027289,https://www.igdb.com/platforms/arcadia-2001,683,374,40d15973-6341-e0e1-6dd4-804877b00030,1
474,,Gametraq,,1708640880,Gizmondo,849,,gizmondo,,1718027289,https://www.igdb.com/platforms/gizmondo,689,375,9e719556-59e3-dd58-b801-ee8b2feaf781,5
475,,,,1709324053,R-Zone,850,,r-zone,,1718027289,https://www.igdb.com/platforms/r-zone,690,376,99ebc9e7-758b-cb01-154e-c0d3d7ad7544,5
476,,PiPP!N,,1709675374,Apple Pippin,851,,apple-pippin,,1718027289,https://www.igdb.com/platforms/apple-pippin,693,377,0f541de9-a045-d22f-d382-8fb7f17698e3,1
477,,,,1711038137,Panasonic Jungle,853,,panasonic-jungle,,1718027289,https://www.igdb.com/platforms/panasonic-jungle,694,378,9af8fd8b-db17-ebc9-6a9e-3aa60e95e00e,5
478,,,,1711039270,Panasonic M2,,,panasonic-m2,,1718027289,https://www.igdb.com/platforms/panasonic-m2,695,379,c8f8c027-f733-6109-25ac-f2efc8c9f32b,1
479,,,,1711468072,Terebikko / See 'n Say Video Phone,,,terebikko-slash-see-n-say-video-phone,,1718027289,https://www.igdb.com/platforms/terebikko-slash-see-n-say-video-phone,698|697,380,b3e902a3-d1e3-b1ec-0d07-cc423cf2260f,1
480,,,,1712346028,Super A'Can,856,,super-acan,,1718027289,https://www.igdb.com/platforms/super-acan,699,381,b36aa311-0197-24ff-e6ae-236453fd4916,1
481,,,,1712933464,Tomy Tutor / Pyuta / Grandstand Tutor,857,,tomy-tutor-slash-pyuta-slash-grandstand-tutor,,1718027289,https://www.igdb.com/platforms/tomy-tutor-slash-pyuta-slash-grandstand-tutor,700,383,4f76569e-3b87-8430-6ccf-47a28aec60ee,6
482,,Sega Mega-CD 32X,,1713471914,Sega CD 32X,858,3,sega-cd-32x,,1718027289,https://www.igdb.com/platforms/sega-cd-32x,701,,4a61cd00-91f0-5727-cc57-dfff073333d2,1
486,,,,1715962521,Digiblast,866,,digiblast,,1718027289,https://www.igdb.com/platforms/digiblast,712,,fc77ce2b-83eb-0ad0-04ec-c20eb3e0c624,5
487,,,,1716478915,LaserActive,868,,laseractive,,1718027289,https://www.igdb.com/platforms/laseractive,714,384,4a3bc095-6232-58dd-d05e-3050dd026ed9,1
504,,EUzebox,,1721417469,Uzebox,891,,uzebox,,1722568342,https://www.igdb.com/platforms/uzebox,721|720,403,2d1b88ec-a5a4-278f-23d9-309a5e232717,1
505,,TVGC,,1724962937,Elektor TV Games Computer,,,elektor-tv-games-computer,,1724962949,https://www.igdb.com/platforms/elektor-tv-games-computer,723,404,6a0d5a5d-0c9d-f059-c4c3-cea81beccc66,6
506,GX4000,,,1732655107,Amstrad GX4000,893,,gx4000,,1758118903,https://www.igdb.com/platforms/gx4000,725,405,619af904-230f-65ce-7178-c269e5eb9e4a,1
507,,BeenaLite,,1734550502,Advanced Pico Beena,894,3,advanced-pico-beena,,1734550924,https://www.igdb.com/platforms/advanced-pico-beena,726|727,406,5f883564-a7a1-0aa3-eb1b-e6e251e4d77a,1
508,Switch 2,Switch 2,,1737039360,Nintendo Switch 2,896,5,switch-2,,1744035497,https://www.igdb.com/platforms/switch-2,728,407,33cbc8f5-4297-a2c2-025e-7b913d0470be,1
509,,RetroBlox,,1739468952,Polymega,897,,polymega,,1739468973,https://www.igdb.com/platforms/polymega,729,408,107816f9-3126-cd4b-be67-55afdea5dd6d,1
510,,Game Boy Advance e-Reader,,1750949423,e-Reader / Card-e Reader,898,5,e-reader-slash-card-e-reader,,1751998340,https://www.igdb.com/platforms/e-reader-slash-card-e-reader,732|735,,09e48756-3eae-a02e-e367-a9d0afab8eca,5
