id,popularity_source,name,created_at,updated_at,checksum,external_popularity_source
1,121,Visits,1717415132,1739923772,68293106-b76f-b9e1-14be-6c1becde5dd0,121
2,121,Want to Play,1717415132,1739927498,bb742970-8b3b-131d-0db5-e1f2ebd81989,121
3,121,Playing,1717415132,1739927049,e435ea9a-a507-1092-249f-74ed1dc76b33,121
4,121,Played,1717415132,1739927671,cf4f550d-0982-4ff5-7ff0-7af8e65e1d9a,121
5,1,24hr Peak Players,1738185588,1739938870,ec16683b-5822-3500-7577-a25e681655e6,1
6,1,Postitive Reviews,1738185620,1739938870,1da6570c-971e-ef04-34a1-108a4fdfbfaf,1
7,1,Negative Reviews,1738185641,1739938870,4c81d6f6-de52-21ba-22d9-d46932c70e5d,1
8,1,Total Reviews,1738185666,1739938874,a47891ed-8d08-654d-1c33-98942fb6ef3f,1
9,1,Global Top Sellers,1739311278,1740193871,818b4749-9426-049d-fcb9-6102500a583a,1
10,1,Most Wishlisted Upcoming,1739312073,1740193819,503f7157-9d33-b71d-bd73-bcc83bd6121d,1
