id,alpha_channel,animated,height,image_id,url,width,checksum
38,True,False,1000,sqgw6vespav1buezgjjn,//images.igdb.com/igdb/image/upload/t_thumb/sqgw6vespav1buezgjjn.jpg,1000,7ab4aaa1-c6bf-e8b3-1db1-7ff668132f10
40,False,False,174,bezbkk17hk0uobdkhjcv,//images.igdb.com/igdb/image/upload/t_thumb/bezbkk17hk0uobdkhjcv.jpg,1000,2081ddfe-e71f-6d54-e758-4bdf9520af6b
42,True,False,700,lz0cuozrdeealg8hfzxg,//images.igdb.com/igdb/image/upload/t_thumb/lz0cuozrdeealg8hfzxg.jpg,700,be0be98a-a023-52c7-bf1d-7409c4c8179f
46,False,False,99,lfsdnlko80ftakbugceu,//images.igdb.com/igdb/image/upload/t_thumb/lfsdnlko80ftakbugceu.jpg,400,254ff507-952d-085e-b5b1-bcc36ce36797
49,False,False,170,hrmqljpwunky1all3v78,//images.igdb.com/igdb/image/upload/t_thumb/hrmqljpwunky1all3v78.jpg,210,1fbdfde1-6d39-fff3-8606-307147195dd0
58,False,False,242,gvskesmuwhvmtzv2zhny,//images.igdb.com/igdb/image/upload/t_thumb/gvskesmuwhvmtzv2zhny.jpg,260,b70ff9db-26d7-6d00-2906-682d531134a4
59,False,False,577,w4okoupqnolhrymeqznd,//images.igdb.com/igdb/image/upload/t_thumb/w4okoupqnolhrymeqznd.jpg,577,62890ec1-709d-0828-1886-7ecfecc17bca
60,False,False,450,fxe5fcitcfmnam128xc1,//images.igdb.com/igdb/image/upload/t_thumb/fxe5fcitcfmnam128xc1.jpg,600,5108ce87-d122-e968-79d5-c6e18eefeea2
61,True,False,420,qkdxwfyrcwhqrnj1hljd,//images.igdb.com/igdb/image/upload/t_thumb/qkdxwfyrcwhqrnj1hljd.jpg,550,64ede0f5-cc64-5fbb-eefe-ee7068398220
62,False,False,331,iftbsii6snn6geq5hi9n,//images.igdb.com/igdb/image/upload/t_thumb/iftbsii6snn6geq5hi9n.jpg,277,fa44fd1a-f94a-1647-c024-dfc254902ec6
63,True,False,487,kb9wpjpv0t1dthhuypou,//images.igdb.com/igdb/image/upload/t_thumb/kb9wpjpv0t1dthhuypou.jpg,326,428975da-af47-1cb4-0e92-9f6e99558a78
66,True,False,340,m7lor1sj7g9gnvliwxx8,//images.igdb.com/igdb/image/upload/t_thumb/m7lor1sj7g9gnvliwxx8.jpg,1384,f0325fd7-0a80-03c2-3808-a3520e642f16
69,True,False,412,hamfdrgnhenxb2d9g8mh,//images.igdb.com/igdb/image/upload/t_thumb/hamfdrgnhenxb2d9g8mh.jpg,412,fc5f89cf-d64c-3e7c-1ea1-5754b46f7c88
70,True,False,412,cbhfilmhdgwdql8nzsy0,//images.igdb.com/igdb/image/upload/t_thumb/cbhfilmhdgwdql8nzsy0.jpg,412,d614a66b-393e-2a23-33d2-a8c5fd1366db
71,False,False,125,mr2y5qpyhvj1phm5tivg,//images.igdb.com/igdb/image/upload/t_thumb/mr2y5qpyhvj1phm5tivg.jpg,500,662d110d-9f11-6716-7949-c939b8a47ad4
73,False,False,125,ob1omu1he33vpulatqzv,//images.igdb.com/igdb/image/upload/t_thumb/ob1omu1he33vpulatqzv.jpg,500,2c9fd4ed-b5c3-8218-9b7b-c08c985e38c4
74,True,False,358,a9x7xjy4p9sqynrvomcf,//images.igdb.com/igdb/image/upload/t_thumb/a9x7xjy4p9sqynrvomcf.jpg,500,d32b22e3-da4c-2b80-498f-0e08eaaa9ed2
79,False,False,269,tuyy1nrqodtmbqajp4jg,//images.igdb.com/igdb/image/upload/t_thumb/tuyy1nrqodtmbqajp4jg.jpg,640,6d4e051d-bcb1-4d78-5d5f-5aacdb746a25
87,True,False,966,jtbbevwj5l6q01pkkned,//images.igdb.com/igdb/image/upload/t_thumb/jtbbevwj5l6q01pkkned.jpg,1600,993a3809-e174-e5db-c209-f3727037fd2e
89,False,False,95,eatvxlflfq0lk8p8sp2c,//images.igdb.com/igdb/image/upload/t_thumb/eatvxlflfq0lk8p8sp2c.jpg,70,2818dae3-5bfb-7d28-117a-5225523feec3
90,False,False,95,luxugq3uspac6qqbvqwk,//images.igdb.com/igdb/image/upload/t_thumb/luxugq3uspac6qqbvqwk.jpg,70,58ecb4ac-0dfd-ede9-3e7f-2086b6118f1c
91,True,False,99,fua8zdpguizpoyzfvkou,//images.igdb.com/igdb/image/upload/t_thumb/fua8zdpguizpoyzfvkou.jpg,70,18e4a475-4fe6-90b6-2e80-4e24fec55bd4
92,True,False,89,lgboqvrjxbhm9crh0gmk,//images.igdb.com/igdb/image/upload/t_thumb/lgboqvrjxbhm9crh0gmk.jpg,79,2bb0ee03-8316-1d41-3c99-b3a38edd7e92
93,True,False,104,jp06zemqemczisfaxsgl,//images.igdb.com/igdb/image/upload/t_thumb/jp06zemqemczisfaxsgl.jpg,89,4d976b6d-217e-e4b6-5646-27198ac11f55
94,True,False,1024,db0qv9ovisi8e0isgkby,//images.igdb.com/igdb/image/upload/t_thumb/db0qv9ovisi8e0isgkby.jpg,850,770ba341-07e6-c8b5-7da1-6aee447302ed
95,True,False,1024,jiy43xitvtxfi16wcdyd,//images.igdb.com/igdb/image/upload/t_thumb/jiy43xitvtxfi16wcdyd.jpg,850,2141b688-3b8d-a77a-d305-04336d8145e2
96,True,False,206,yaguodfpr4ucdiakputb,//images.igdb.com/igdb/image/upload/t_thumb/yaguodfpr4ucdiakputb.jpg,200,8fc5ba50-ce3e-0597-d2f5-9304da052383
97,True,False,300,vpprk3kkeloztxesyoiv,//images.igdb.com/igdb/image/upload/t_thumb/vpprk3kkeloztxesyoiv.jpg,300,53918953-40e8-8f8c-5d46-07988ac274d8
98,True,False,316,lsyardp2tldsqglhscqh,//images.igdb.com/igdb/image/upload/t_thumb/lsyardp2tldsqglhscqh.jpg,316,f19f6878-2908-ec64-2f76-2449ac09c41a
99,True,False,314,df1raex6oqgcp56leff4,//images.igdb.com/igdb/image/upload/t_thumb/df1raex6oqgcp56leff4.jpg,316,6dde80b7-069c-6683-b694-58b1f4c10d35
105,False,False,2370,jj75e2f0lzrbvtyw56er,//images.igdb.com/igdb/image/upload/t_thumb/jj75e2f0lzrbvtyw56er.jpg,4560,775b404e-47da-3044-4e95-83a643c28585
106,False,False,400,ifw2tvdkynyxayquiyk4,//images.igdb.com/igdb/image/upload/t_thumb/ifw2tvdkynyxayquiyk4.jpg,500,503c4f0a-3ca6-8c71-8fef-b76ae0dd4f46
110,False,False,1024,djkz2lqg8oajeeqo4stx,//images.igdb.com/igdb/image/upload/t_thumb/djkz2lqg8oajeeqo4stx.jpg,1024,71869064-f071-5278-7e7e-6dbc2ce5eabf
112,False,False,2560,fqwnmmpanb5se6ebccm3,//images.igdb.com/igdb/image/upload/t_thumb/fqwnmmpanb5se6ebccm3.jpg,4272,83f66833-232c-bd23-f26c-9aaf7501eaba
113,True,False,511,qktvowpkpvpclfpkr45t,//images.igdb.com/igdb/image/upload/t_thumb/qktvowpkpvpclfpkr45t.jpg,1040,72931574-d096-7cd1-634d-ad9947f982a7
114,True,False,511,nlizydzqnuzvzfdapqoj,//images.igdb.com/igdb/image/upload/t_thumb/nlizydzqnuzvzfdapqoj.jpg,1040,0da8d837-5305-3f63-e0fc-14ac91078d11
117,False,False,246,ubf1qgytr069wm0ikh0z,//images.igdb.com/igdb/image/upload/t_thumb/ubf1qgytr069wm0ikh0z.jpg,640,83831f84-7e04-e2cd-49bb-8b048a0403f8
119,True,False,113,pdn0g4fyks0y1v2ckzws,//images.igdb.com/igdb/image/upload/t_thumb/pdn0g4fyks0y1v2ckzws.jpg,900,ff5d9f08-7175-92bb-5f71-ce20f6d2d57e
124,False,False,325,b4uqf7k2leodxp1qou4m,//images.igdb.com/igdb/image/upload/t_thumb/b4uqf7k2leodxp1qou4m.jpg,820,e56856ca-7681-54c4-31e5-344d118c8a9f
126,False,False,622,vgsvdiyyzjeayaooi1fy,//images.igdb.com/igdb/image/upload/t_thumb/vgsvdiyyzjeayaooi1fy.jpg,1500,3606b921-e398-5db6-255d-38896dc42b7a
127,False,False,188,yjdciw0jagvnmvzhhubs,//images.igdb.com/igdb/image/upload/t_thumb/yjdciw0jagvnmvzhhubs.jpg,350,a3663042-b2e0-e7bd-b421-a45899074e21
128,False,False,400,x42zeitpbuo2ltn7ybb2,//images.igdb.com/igdb/image/upload/t_thumb/x42zeitpbuo2ltn7ybb2.jpg,397,b9b7fdf0-a674-11b6-3b96-e97e8840d40c
129,False,False,209,fzkmxoxkrfwo1by8t9ja,//images.igdb.com/igdb/image/upload/t_thumb/fzkmxoxkrfwo1by8t9ja.jpg,350,44ea5b8c-99d1-c6eb-eafe-b5d0440c3b68
130,False,False,200,vs8nzlrcte7l9ep2cqy5,//images.igdb.com/igdb/image/upload/t_thumb/vs8nzlrcte7l9ep2cqy5.jpg,400,18f5daa0-6cb8-5422-fc3f-205f0909ae3f
131,False,False,95,vckflbrulcehb6qiap6n,//images.igdb.com/igdb/image/upload/t_thumb/vckflbrulcehb6qiap6n.jpg,110,37509da2-48b2-6a0f-1b74-7bdd07804cb0
132,False,False,373,dpwrkxrjkuxwqroqwjsw,//images.igdb.com/igdb/image/upload/t_thumb/dpwrkxrjkuxwqroqwjsw.jpg,560,ec512d37-006c-a63a-7913-88ed01b9299d
134,False,False,247,phikgyfmv1fevj2jhzr5,//images.igdb.com/igdb/image/upload/t_thumb/phikgyfmv1fevj2jhzr5.jpg,450,0f4ac9b1-550a-8ce5-db2a-eaa18ec73cec
135,False,False,254,f9a4tll5lnyxhlijvxjy,//images.igdb.com/igdb/image/upload/t_thumb/f9a4tll5lnyxhlijvxjy.jpg,390,c04f4e12-2ab9-889f-716b-dde8c2f66d55
136,False,False,689,yfdqsudagw0av25dawjr,//images.igdb.com/igdb/image/upload/t_thumb/yfdqsudagw0av25dawjr.jpg,1280,343f1c9d-3317-c1c4-d5c0-f50d52efcbdc
142,False,False,2000,taegabndvbq86z4dumy2,//images.igdb.com/igdb/image/upload/t_thumb/taegabndvbq86z4dumy2.jpg,2000,5d84a8b4-5581-cc65-6f8d-41499ef9df79
143,True,False,2000,ui8kqoijqxolfowolj56,//images.igdb.com/igdb/image/upload/t_thumb/ui8kqoijqxolfowolj56.jpg,2000,7e570a5b-87b3-f402-16e3-b4efe7e37d85
144,True,False,2000,gvk8xyyptd40kg3yb8j5,//images.igdb.com/igdb/image/upload/t_thumb/gvk8xyyptd40kg3yb8j5.jpg,2000,31b262ed-1c39-b33b-3501-0c2f493a5822
153,False,False,300,ql6krjphzhdlnl2yp9on,//images.igdb.com/igdb/image/upload/t_thumb/ql6krjphzhdlnl2yp9on.jpg,300,126d1475-2184-7ed3-8207-002ee15e85a3
158,True,False,362,pivaofe9ll2b8cqfvvbu,//images.igdb.com/igdb/image/upload/t_thumb/pivaofe9ll2b8cqfvvbu.jpg,447,7d0295f6-2b70-c6d9-a710-04284e78c483
159,True,False,785,ipbdzzx7z3rwuzm9big4,//images.igdb.com/igdb/image/upload/t_thumb/ipbdzzx7z3rwuzm9big4.jpg,785,1db4713d-a0b9-ea96-1ab9-34f3299f93be
160,True,False,760,lwbdsvaveyxmuwnsga7g,//images.igdb.com/igdb/image/upload/t_thumb/lwbdsvaveyxmuwnsga7g.jpg,1024,8740f508-b480-af71-c9cb-5c391e998ea3
196,False,False,200,fckqj8d3as6tug4fg3x4,//images.igdb.com/igdb/image/upload/t_thumb/fckqj8d3as6tug4fg3x4.jpg,400,d33c643a-ed56-84af-d3e5-d2da379737cb
203,False,False,1024,irwvwpl023f8y19tidgq,//images.igdb.com/igdb/image/upload/t_thumb/irwvwpl023f8y19tidgq.jpg,1024,fffa9b9e-d229-a54a-fa40-acd8b01cdd93
204,False,False,1024,itdndmarjfphtsppnlfh,//images.igdb.com/igdb/image/upload/t_thumb/itdndmarjfphtsppnlfh.jpg,1024,5e2ba7ab-7796-7fee-34d4-ec7ea0ebe680
205,False,False,1158,nnr9qxtqzrmh1v0s9x2p,//images.igdb.com/igdb/image/upload/t_thumb/nnr9qxtqzrmh1v0s9x2p.jpg,1158,53a1de50-cb1e-f3fd-c30d-140659d51e41
206,False,False,1183,z6hjqy9uvneqbd3yh4sm,//images.igdb.com/igdb/image/upload/t_thumb/z6hjqy9uvneqbd3yh4sm.jpg,1183,9971d342-e538-117a-0580-6636cbb11980
207,False,False,1183,pvjzmgepkxhwvgrgmazj,//images.igdb.com/igdb/image/upload/t_thumb/pvjzmgepkxhwvgrgmazj.jpg,1183,1374c4f7-6ac5-1803-fc8e-365b32e4359b
211,True,False,231,pl5v,//images.igdb.com/igdb/image/upload/t_thumb/pl5v.jpg,753,6fcb269d-1739-2cc8-4c84-30a28513437e
212,True,False,231,pl5w,//images.igdb.com/igdb/image/upload/t_thumb/pl5w.jpg,753,e27e069a-69a3-9b95-d0ba-91386e719d42
214,True,False,231,pl5y,//images.igdb.com/igdb/image/upload/t_thumb/pl5y.jpg,753,1b034af5-5fb4-a48c-ad68-0a4e5eaade39
215,True,False,230,pl5z,//images.igdb.com/igdb/image/upload/t_thumb/pl5z.jpg,800,f82abac5-5cdb-4393-6b0d-4f16bd92fe39
222,True,False,2280,pl66,//images.igdb.com/igdb/image/upload/t_thumb/pl66.jpg,3780,9ab06c20-05b8-0276-cc65-4ed25bff6f9a
224,False,False,3000,pl68,//images.igdb.com/igdb/image/upload/t_thumb/pl68.jpg,4590,63a115ae-3e7b-2f4b-d8a5-c27232827d00
226,True,False,1000,pl6a,//images.igdb.com/igdb/image/upload/t_thumb/pl6a.jpg,1000,874dc761-d2b7-66e7-1217-16c6a42e538c
227,True,False,1000,pl6b,//images.igdb.com/igdb/image/upload/t_thumb/pl6b.jpg,1000,48a90380-4da2-eb1b-ee10-ef4e0320d6a9
228,True,False,1000,pl6c,//images.igdb.com/igdb/image/upload/t_thumb/pl6c.jpg,1000,ef529ec9-1a2e-68cb-8d14-deeb6c88fda3
230,True,False,1000,pl6e,//images.igdb.com/igdb/image/upload/t_thumb/pl6e.jpg,1000,0408d3fa-2c93-ba11-3696-0453e3e2510a
231,True,False,1000,pl6f,//images.igdb.com/igdb/image/upload/t_thumb/pl6f.jpg,1000,ec1a886a-332b-9cd7-4e0c-e81856420d3a
232,True,False,1000,pl6g,//images.igdb.com/igdb/image/upload/t_thumb/pl6g.jpg,1000,2051e099-2613-1327-b8b7-67c64c023846
233,True,False,1000,pl6h,//images.igdb.com/igdb/image/upload/t_thumb/pl6h.jpg,1000,e204c394-987c-9c97-5780-dfdc36523a78
235,True,False,1000,pl6j,//images.igdb.com/igdb/image/upload/t_thumb/pl6j.jpg,1000,1a0d74e4-b4a0-978c-1303-9629fd47ef14
236,True,False,1000,pl6k,//images.igdb.com/igdb/image/upload/t_thumb/pl6k.jpg,1000,49404c58-e500-8262-b5f8-dca24aa80864
237,True,False,1000,pl6l,//images.igdb.com/igdb/image/upload/t_thumb/pl6l.jpg,1000,69f2c370-4ef5-c890-3685-cc05fabb1c51
238,True,False,1000,pl6m,//images.igdb.com/igdb/image/upload/t_thumb/pl6m.jpg,1000,d132a552-dbdf-d675-b1de-2a9261609775
239,True,False,1000,pl6n,//images.igdb.com/igdb/image/upload/t_thumb/pl6n.jpg,1000,855fe8d9-325d-975d-6640-171c3b4bc6e6
240,True,False,1000,pl6o,//images.igdb.com/igdb/image/upload/t_thumb/pl6o.jpg,1000,f36c6a0e-f72f-1a36-1df7-0485a9bf903c
241,True,False,1000,pl6p,//images.igdb.com/igdb/image/upload/t_thumb/pl6p.jpg,1000,7c7cb115-2a50-791b-4830-a2baa7925f80
242,True,False,1000,pl6q,//images.igdb.com/igdb/image/upload/t_thumb/pl6q.jpg,1000,ebb3db28-e1eb-29f1-d810-1591670b9f31
243,True,False,1000,pl6r,//images.igdb.com/igdb/image/upload/t_thumb/pl6r.jpg,1000,b313402f-3769-afc5-2297-1412e11e7d9a
244,True,False,1000,pl6s,//images.igdb.com/igdb/image/upload/t_thumb/pl6s.jpg,1000,b9da73db-1219-b838-9e18-dfee6d8fadc7
245,True,False,1000,pl6t,//images.igdb.com/igdb/image/upload/t_thumb/pl6t.jpg,1000,718e64da-c0ee-6dd1-aaf0-1650f8ecfac8
246,True,False,1000,pl6u,//images.igdb.com/igdb/image/upload/t_thumb/pl6u.jpg,1000,a5975bb6-a5b1-6589-7426-c3958e234f3b
247,True,False,1000,pl6v,//images.igdb.com/igdb/image/upload/t_thumb/pl6v.jpg,1000,ff10fdfc-cc70-f3ac-028c-9bdeb034eab6
248,True,False,1000,pl6w,//images.igdb.com/igdb/image/upload/t_thumb/pl6w.jpg,1000,771cea4b-b9b2-1b9a-560a-f8c7dc79446f
249,True,False,1000,pl6x,//images.igdb.com/igdb/image/upload/t_thumb/pl6x.jpg,1000,394f9b25-63b1-2a46-8b4b-d619de66f48d
250,True,False,1000,pl6y,//images.igdb.com/igdb/image/upload/t_thumb/pl6y.jpg,1000,87c54898-0123-73d2-2cea-cdccc9a50604
251,True,False,1000,pl6z,//images.igdb.com/igdb/image/upload/t_thumb/pl6z.jpg,1000,90978dff-2869-ce2e-38eb-ce7d7fa1dcb4
252,True,False,1000,pl70,//images.igdb.com/igdb/image/upload/t_thumb/pl70.jpg,1000,7b91b8cb-83ae-1f7e-f1cc-81a8acc32b74
253,True,False,1000,pl71,//images.igdb.com/igdb/image/upload/t_thumb/pl71.jpg,1000,9a0ea9d9-8769-9c34-9adc-1f8ae05c3941
254,True,False,1000,pl72,//images.igdb.com/igdb/image/upload/t_thumb/pl72.jpg,1000,127e3161-30e4-4474-e1c1-d13279562d20
255,True,False,1000,pl73,//images.igdb.com/igdb/image/upload/t_thumb/pl73.jpg,1000,50b80eb6-94ae-f951-e335-22d026f2a3ff
256,True,False,1000,pl74,//images.igdb.com/igdb/image/upload/t_thumb/pl74.jpg,1000,0e9ed8a9-6575-8899-3732-6c7f00ba24d1
257,True,False,1000,pl75,//images.igdb.com/igdb/image/upload/t_thumb/pl75.jpg,1000,179b5066-adda-72a6-7b7a-750580198914
258,True,False,1000,pl76,//images.igdb.com/igdb/image/upload/t_thumb/pl76.jpg,1000,10da78f3-ee18-b7fe-e1b1-0098bb525450
259,True,False,1000,pl77,//images.igdb.com/igdb/image/upload/t_thumb/pl77.jpg,1000,d35031e9-a127-93e0-9024-9f3f1444c5da
260,True,False,1291,pl78,//images.igdb.com/igdb/image/upload/t_thumb/pl78.jpg,1291,1ffefd25-e013-6e29-e6ac-cd51bb170bec
261,True,False,1000,pl79,//images.igdb.com/igdb/image/upload/t_thumb/pl79.jpg,1000,6df5dcab-a17b-bfbb-959a-b541d5626295
262,True,False,1000,pl7a,//images.igdb.com/igdb/image/upload/t_thumb/pl7a.jpg,1000,8cd7faf8-df65-a4fa-5f2c-681fba3c7401
263,True,False,1000,pl7b,//images.igdb.com/igdb/image/upload/t_thumb/pl7b.jpg,1000,04bbe2e2-1d6b-32d1-7596-888768ab51f4
264,True,False,1000,pl7c,//images.igdb.com/igdb/image/upload/t_thumb/pl7c.jpg,1000,f507d71a-0662-e084-824c-9a0e04aaa913
265,True,False,1000,pl7d,//images.igdb.com/igdb/image/upload/t_thumb/pl7d.jpg,1000,07a9b16c-51fb-a8cb-b80b-85056c203bf4
266,True,False,1000,pl7e,//images.igdb.com/igdb/image/upload/t_thumb/pl7e.jpg,1000,962ce019-a0b7-453d-4b99-c6de6edda3e3
267,True,False,1000,pl7f,//images.igdb.com/igdb/image/upload/t_thumb/pl7f.jpg,1000,4159c381-35d3-84ae-2b4a-7f3c366b27be
268,True,False,1000,pl7g,//images.igdb.com/igdb/image/upload/t_thumb/pl7g.jpg,1000,02c33f34-1b4f-899e-9d1a-06df1526209a
269,True,False,1000,pl7h,//images.igdb.com/igdb/image/upload/t_thumb/pl7h.jpg,1000,0901f6f6-faa8-dcf1-7de1-bc134c67ac96
270,True,False,1000,pl7i,//images.igdb.com/igdb/image/upload/t_thumb/pl7i.jpg,1000,a45e3838-4afa-d58b-23f8-8c78cd430bd0
271,True,False,1000,pl7j,//images.igdb.com/igdb/image/upload/t_thumb/pl7j.jpg,1000,890fdfa3-7494-6bf6-6ebd-11bd30690fa8
272,True,False,1000,pl7k,//images.igdb.com/igdb/image/upload/t_thumb/pl7k.jpg,1000,bafa1e16-3571-872e-19d9-2498e4bf8d3d
273,True,False,1000,pl7l,//images.igdb.com/igdb/image/upload/t_thumb/pl7l.jpg,1000,ea1ac0ef-42b2-126f-dfe7-8b6a952bf7a9
274,True,False,1000,pl7m,//images.igdb.com/igdb/image/upload/t_thumb/pl7m.jpg,1000,c82d7e58-19a9-4b1d-b31a-ccb8b1c4d832
275,True,False,1000,pl7n,//images.igdb.com/igdb/image/upload/t_thumb/pl7n.jpg,1000,ebce6890-6898-d12f-4661-6a0ec47e05b2
276,True,False,1000,pl7o,//images.igdb.com/igdb/image/upload/t_thumb/pl7o.jpg,1000,41976cf7-52a8-ce66-79ce-e15392d2cb14
277,True,False,1000,pl7p,//images.igdb.com/igdb/image/upload/t_thumb/pl7p.jpg,1000,ab73b1a5-1b97-34bb-3743-c2141406e61b
278,True,False,1000,pl7q,//images.igdb.com/igdb/image/upload/t_thumb/pl7q.jpg,1000,56bad0e7-f2ec-a540-fefa-3064df2381c0
279,True,False,1000,pl7r,//images.igdb.com/igdb/image/upload/t_thumb/pl7r.jpg,1000,92de0de4-8af8-3261-d881-717a5f67a0f2
280,True,False,1000,pl7s,//images.igdb.com/igdb/image/upload/t_thumb/pl7s.jpg,1000,fa36258d-fab2-c457-2b2b-db95b79dbc34
281,True,False,1000,pl7t,//images.igdb.com/igdb/image/upload/t_thumb/pl7t.jpg,1000,ca5145a7-b413-8800-89fd-577bd03a717f
282,True,False,1000,pl7u,//images.igdb.com/igdb/image/upload/t_thumb/pl7u.jpg,1000,844e7040-04a9-d508-72fd-23d7031a3e68
283,True,False,1000,pl7v,//images.igdb.com/igdb/image/upload/t_thumb/pl7v.jpg,1000,c047f2d6-d142-8d94-a0c4-72f1fd427dc2
284,True,False,1000,pl7w,//images.igdb.com/igdb/image/upload/t_thumb/pl7w.jpg,1000,963d68ec-1725-26c4-c269-15890f7971b5
285,True,False,1000,pl7x,//images.igdb.com/igdb/image/upload/t_thumb/pl7x.jpg,1000,a30e2b8a-71e8-393e-2506-a8ff5a1823a4
286,True,False,1000,pl7y,//images.igdb.com/igdb/image/upload/t_thumb/pl7y.jpg,1000,c8da752d-60c2-d04f-fc88-d031ed1ec655
287,True,False,1000,pl7z,//images.igdb.com/igdb/image/upload/t_thumb/pl7z.jpg,1000,b462a3a1-1bc5-dee5-a860-cde5da81a757
288,True,False,1000,pl80,//images.igdb.com/igdb/image/upload/t_thumb/pl80.jpg,1000,59c9479d-e449-21b3-87e3-cd7e601e2993
289,True,False,1000,pl81,//images.igdb.com/igdb/image/upload/t_thumb/pl81.jpg,1000,410f1b6b-560d-4340-6ca4-d42c0bb53a62
290,True,False,1000,pl82,//images.igdb.com/igdb/image/upload/t_thumb/pl82.jpg,1000,3e3bf5bf-f8fa-4f66-278b-15c625d1f644
291,True,False,1000,pl83,//images.igdb.com/igdb/image/upload/t_thumb/pl83.jpg,1000,16a34e7c-9d79-7f98-5bbe-eaefbd40534f
292,True,False,1000,pl84,//images.igdb.com/igdb/image/upload/t_thumb/pl84.jpg,1000,ea3418f3-aa07-6f9b-fa30-540205180048
293,True,False,1000,pl85,//images.igdb.com/igdb/image/upload/t_thumb/pl85.jpg,1000,033619c2-c7ef-b02c-8029-dfd4943a5a99
294,True,False,2252,pl86,//images.igdb.com/igdb/image/upload/t_thumb/pl86.jpg,2252,1b5f3360-cd51-4cad-ad7d-d169b5bdb974
295,True,False,1000,pl87,//images.igdb.com/igdb/image/upload/t_thumb/pl87.jpg,1000,1d151d93-bbb5-c7d2-3ef8-c30ead9445d4
296,True,False,1000,pl88,//images.igdb.com/igdb/image/upload/t_thumb/pl88.jpg,1000,349a13d4-6673-96f3-fb88-39f949e9b68d
297,True,False,1000,pl89,//images.igdb.com/igdb/image/upload/t_thumb/pl89.jpg,1000,4309bc90-808f-80e9-d9ff-472db5008336
298,True,False,1000,pl8a,//images.igdb.com/igdb/image/upload/t_thumb/pl8a.jpg,1000,c20da107-b7ab-7946-8840-afdb3e03c398
299,True,False,1000,pl8b,//images.igdb.com/igdb/image/upload/t_thumb/pl8b.jpg,1000,1df95927-9ad7-e216-857d-b7aac391fa2f
300,True,False,1000,pl8c,//images.igdb.com/igdb/image/upload/t_thumb/pl8c.jpg,1000,8ef92268-17e8-5a54-858f-ef4279e37229
301,True,False,1000,pl8d,//images.igdb.com/igdb/image/upload/t_thumb/pl8d.jpg,1000,65bb45b7-044e-45f4-8da3-35bfa6120082
302,True,False,1016,pl8e,//images.igdb.com/igdb/image/upload/t_thumb/pl8e.jpg,1016,32e3190b-c416-18b4-307b-15990433c191
303,True,False,1000,pl8f,//images.igdb.com/igdb/image/upload/t_thumb/pl8f.jpg,1000,23ff5bc8-c6a2-6640-0c9f-ff61d08b30fc
304,True,False,1000,pl8g,//images.igdb.com/igdb/image/upload/t_thumb/pl8g.jpg,1000,c22ce919-dd8e-44c5-9854-03543f8c5fac
305,True,False,1000,pl8h,//images.igdb.com/igdb/image/upload/t_thumb/pl8h.jpg,1000,93570616-6fe9-3cb2-c21e-3cf7a2538bae
306,True,False,1000,pl8i,//images.igdb.com/igdb/image/upload/t_thumb/pl8i.jpg,1000,0145b533-a546-71e9-3b85-8145c861cdc0
307,True,False,1000,pl8j,//images.igdb.com/igdb/image/upload/t_thumb/pl8j.jpg,1000,d7e06990-8d77-ff59-a311-6a955fef435b
308,True,False,1000,pl8k,//images.igdb.com/igdb/image/upload/t_thumb/pl8k.jpg,1000,b7d1090e-db9b-200f-5243-e49e0a1c02c0
309,True,False,1000,pl8l,//images.igdb.com/igdb/image/upload/t_thumb/pl8l.jpg,1000,045acd83-4a29-b10b-875f-ab7044ea7875
310,True,False,1000,pl8m,//images.igdb.com/igdb/image/upload/t_thumb/pl8m.jpg,1000,c9fcf786-00a5-dc04-e1e1-72c0d91fc076
311,True,False,1000,pl8n,//images.igdb.com/igdb/image/upload/t_thumb/pl8n.jpg,1000,3169e6c5-12b8-9abd-7074-c3627101065c
312,True,False,1000,pl8o,//images.igdb.com/igdb/image/upload/t_thumb/pl8o.jpg,1000,bae6af9b-8235-c9bd-d61e-40f9f1cc68b0
313,True,False,1000,pl8p,//images.igdb.com/igdb/image/upload/t_thumb/pl8p.jpg,1000,0369d2df-35ac-abba-b57b-f87670998535
314,True,False,1000,pl8q,//images.igdb.com/igdb/image/upload/t_thumb/pl8q.jpg,1000,8674facc-a07d-a45b-21fb-dcdb20ef6387
315,True,False,1000,pl8r,//images.igdb.com/igdb/image/upload/t_thumb/pl8r.jpg,1000,9cae230d-60cc-f79c-1b04-67dfe0a3b238
316,True,False,1000,pl8s,//images.igdb.com/igdb/image/upload/t_thumb/pl8s.jpg,1000,0330a3bd-ad8c-fc53-7128-1af814bdef2a
317,True,False,1000,pl8t,//images.igdb.com/igdb/image/upload/t_thumb/pl8t.jpg,1000,75d4339a-d6c2-156c-8800-45048279d8c9
318,True,False,1000,pl8u,//images.igdb.com/igdb/image/upload/t_thumb/pl8u.jpg,1000,8802c743-1dee-68f8-6351-8b21765b15cc
319,True,False,1000,pl8v,//images.igdb.com/igdb/image/upload/t_thumb/pl8v.jpg,1000,69b8161b-1a53-3ecd-b0c1-749a7d6a7cc3
322,False,False,877,pl8y,//images.igdb.com/igdb/image/upload/t_thumb/pl8y.jpg,618,a0b33a26-4fc8-e07d-8073-33b94e4e5e61
324,True,False,540,pl90,//images.igdb.com/igdb/image/upload/t_thumb/pl90.jpg,1060,2bc8b971-b13d-c0ed-8c1e-457c980eed69
325,True,False,952,pl91,//images.igdb.com/igdb/image/upload/t_thumb/pl91.jpg,4500,37b34296-0bf1-de22-9f8e-af734fdf6800
326,True,False,454,pl92,//images.igdb.com/igdb/image/upload/t_thumb/pl92.jpg,576,44b200b8-7615-a7a8-55bc-599cae29be0a
328,True,False,1000,pl94,//images.igdb.com/igdb/image/upload/t_thumb/pl94.jpg,1000,8f23f8d9-ba05-31b9-5f9d-1995dc2568ee
329,True,False,1000,pl95,//images.igdb.com/igdb/image/upload/t_thumb/pl95.jpg,1000,4c3d1ef4-feec-91bf-d3f0-c0b60caae2ac
362,True,False,1179,pla2,//images.igdb.com/igdb/image/upload/t_thumb/pla2.jpg,1000,909f86d3-1c90-f9b2-7640-87175debbe0c
363,True,False,1000,pla3,//images.igdb.com/igdb/image/upload/t_thumb/pla3.jpg,1000,39a10e6d-8821-a731-ad7f-aeb2913c271a
364,True,False,199,pla4,//images.igdb.com/igdb/image/upload/t_thumb/pla4.jpg,400,d72eb0d0-2f4f-1d13-ca0b-311adfd6078a
365,True,False,330,pla5,//images.igdb.com/igdb/image/upload/t_thumb/pla5.jpg,1920,9d3dad88-d27e-a480-4064-edf56d2815c6
366,True,False,332,pla6,//images.igdb.com/igdb/image/upload/t_thumb/pla6.jpg,1228,47d2dd68-c815-3eec-c52a-0a1c67697a66
367,True,False,165,pla7,//images.igdb.com/igdb/image/upload/t_thumb/pla7.jpg,1050,fbaaef3b-732b-c280-011a-5362bd4bb676
368,True,False,1083,pla8,//images.igdb.com/igdb/image/upload/t_thumb/pla8.jpg,1224,84ca8d53-fdc9-6163-6269-fba57554a8aa
369,False,False,350,pla9,//images.igdb.com/igdb/image/upload/t_thumb/pla9.jpg,700,902744d2-0123-5378-9e0e-1c0ee21669a3
370,True,False,231,plaa,//images.igdb.com/igdb/image/upload/t_thumb/plaa.jpg,2010,37caa1dc-b093-6d9a-bb24-035d09bc8402
371,True,False,135,plab,//images.igdb.com/igdb/image/upload/t_thumb/plab.jpg,640,b241689f-696c-b33c-eae7-0b74193f83a5
372,False,False,451,plac,//images.igdb.com/igdb/image/upload/t_thumb/plac.jpg,470,9b4786ef-451c-0b39-d725-a7b730854431
373,True,False,2340,plad,//images.igdb.com/igdb/image/upload/t_thumb/plad.jpg,4050,c8b19826-5ffe-bd38-81ee-d5f13b8e73db
374,True,False,91,plae,//images.igdb.com/igdb/image/upload/t_thumb/plae.jpg,548,b5a40692-5fca-82a9-e5d9-81f8ba68f31f
375,True,False,94,plaf,//images.igdb.com/igdb/image/upload/t_thumb/plaf.jpg,312,c6a318bb-a668-c628-556d-6db18e48e13b
376,True,False,3750,plag,//images.igdb.com/igdb/image/upload/t_thumb/plag.jpg,3750,adf5988c-3c0e-8894-255c-46f4f5e98acb
377,True,False,565,plah,//images.igdb.com/igdb/image/upload/t_thumb/plah.jpg,506,14493c28-7542-6ef0-437c-ddbdbdaa263c
378,True,False,450,plai,//images.igdb.com/igdb/image/upload/t_thumb/plai.jpg,355,021dc217-ed0f-f9ab-b7f0-f343c7faa35f
379,True,False,600,plaj,//images.igdb.com/igdb/image/upload/t_thumb/plaj.jpg,600,ef5ca051-d2ed-b9f9-5aee-d2a0604e5ebb
380,False,False,512,plak,//images.igdb.com/igdb/image/upload/t_thumb/plak.jpg,512,4237e84e-7209-671d-7c0f-18552941c463
381,True,False,300,plal,//images.igdb.com/igdb/image/upload/t_thumb/plal.jpg,465,fee04b14-93a6-74ab-415c-db2641ae336f
383,True,False,237,plan,//images.igdb.com/igdb/image/upload/t_thumb/plan.jpg,220,702242fc-5587-d5bf-b9ce-62eb5feacce5
384,True,False,891,plao,//images.igdb.com/igdb/image/upload/t_thumb/plao.jpg,1523,c634c4fd-f656-922e-78e5-dfc29f07f35c
386,True,False,147,plaq,//images.igdb.com/igdb/image/upload/t_thumb/plaq.jpg,659,7d2985d0-c229-4068-65ee-27d7d9f69857
388,False,False,969,plas,//images.igdb.com/igdb/image/upload/t_thumb/plas.jpg,652,b30d1905-0f02-c11f-f0bc-8200b1386851
389,True,False,147,plat,//images.igdb.com/igdb/image/upload/t_thumb/plat.jpg,552,f5b5f722-e1ae-b30a-2c65-376da76c3fbf
390,True,False,1331,plau,//images.igdb.com/igdb/image/upload/t_thumb/plau.jpg,1024,6862aa13-83d4-7211-581d-36c1692b1e7a
391,True,False,152,plav,//images.igdb.com/igdb/image/upload/t_thumb/plav.jpg,638,e76b9c78-2772-e1f3-d2e8-ccc33c1575e9
392,False,False,1080,plaw,//images.igdb.com/igdb/image/upload/t_thumb/plaw.jpg,1920,8918f4e7-bc16-2def-9d09-8c0cd55a449c
393,True,False,1600,plax,//images.igdb.com/igdb/image/upload/t_thumb/plax.jpg,1200,56f9df75-5171-55d0-41d5-541118690b13
426,True,False,261,plbu,//images.igdb.com/igdb/image/upload/t_thumb/plbu.jpg,512,b1fb30b5-39c3-8269-98fd-36f51e69dfdc
427,True,False,432,plbv,//images.igdb.com/igdb/image/upload/t_thumb/plbv.jpg,800,9c059efb-ce6f-698d-c4be-adee947d3162
429,True,False,288,plbx,//images.igdb.com/igdb/image/upload/t_thumb/plbx.jpg,1041,5f4e7c16-4c4c-dd0b-540f-bc7060111ccb
529,True,False,373,plep,//images.igdb.com/igdb/image/upload/t_thumb/plep.jpg,438,3846779b-e443-4f57-e3fd-508b1a6b4f03
531,True,False,180,pler,//images.igdb.com/igdb/image/upload/t_thumb/pler.jpg,225,9e21592e-c0d6-3f7f-910a-2376ff907670
532,True,False,84,ples,//images.igdb.com/igdb/image/upload/t_thumb/ples.jpg,300,1c7f52dc-ae66-97ed-55ed-063979054b8f
534,False,False,167,pleu,//images.igdb.com/igdb/image/upload/t_thumb/pleu.jpg,714,fbae54f3-8237-88e6-0b25-3cf939b327a6
536,True,False,168,plew,//images.igdb.com/igdb/image/upload/t_thumb/plew.jpg,550,afe08532-b334-4f1a-6414-30c7a06aa4e7
537,True,False,168,plex,//images.igdb.com/igdb/image/upload/t_thumb/plex.jpg,550,3dad2c7d-80ec-6274-d262-de65ce1a160e
538,True,False,200,pley,//images.igdb.com/igdb/image/upload/t_thumb/pley.jpg,420,a9ac7ddb-084b-8c79-06e2-dcec4163946e
539,False,False,184,plez,//images.igdb.com/igdb/image/upload/t_thumb/plez.jpg,477,819313bf-7610-493e-bece-923fc256c4cf
540,False,False,115,plf0,//images.igdb.com/igdb/image/upload/t_thumb/plf0.jpg,285,a0a445e1-724d-7d1d-1cd3-5fc07a7f88b6
541,True,False,1351,plf1,//images.igdb.com/igdb/image/upload/t_thumb/plf1.jpg,1771,c4bb98b4-1b01-461f-7abc-30cd4676da29
542,True,False,185,plf2,//images.igdb.com/igdb/image/upload/t_thumb/plf2.jpg,767,2b7e0cdf-b3d5-47dc-d92e-64957d959f22
543,True,False,140,plf3,//images.igdb.com/igdb/image/upload/t_thumb/plf3.jpg,340,49adec0a-c22e-eaa7-c92e-48009aafb36f
544,True,False,73,plf4,//images.igdb.com/igdb/image/upload/t_thumb/plf4.jpg,604,f35ab33e-51c6-ba57-0abb-d59dc685874d
545,True,False,275,plf5,//images.igdb.com/igdb/image/upload/t_thumb/plf5.jpg,1280,492333c9-c73b-df1f-7c60-c71f15c4d75d
546,True,False,275,plf6,//images.igdb.com/igdb/image/upload/t_thumb/plf6.jpg,1280,2225b7f9-fb82-421c-22b7-04a052e95c45
547,False,False,54,plf7,//images.igdb.com/igdb/image/upload/t_thumb/plf7.jpg,77,75096865-cbcc-283f-b48f-ffcfd79616ab
548,True,False,110,plf8,//images.igdb.com/igdb/image/upload/t_thumb/plf8.jpg,330,41fffcad-77f3-0ac8-944a-099fa2720035
561,True,False,1200,plfl,//images.igdb.com/igdb/image/upload/t_thumb/plfl.jpg,1200,e5da8929-5f66-47e0-6004-7e661416fbbd
594,True,False,216,plgi,//images.igdb.com/igdb/image/upload/t_thumb/plgi.jpg,344,40a25666-a480-f59b-c5c6-695e31801a28
595,True,False,217,plgj,//images.igdb.com/igdb/image/upload/t_thumb/plgj.jpg,1280,084c766d-7879-70b9-a713-e59b942f7692
596,True,False,90,plgk,//images.igdb.com/igdb/image/upload/t_thumb/plgk.jpg,500,581aaf39-0edd-fbcb-5660-52b5655a9fb9
597,True,False,158,plgl,//images.igdb.com/igdb/image/upload/t_thumb/plgl.jpg,762,2fb992a5-8549-8ec9-6b9e-37317edeeef5
598,True,False,902,plgm,//images.igdb.com/igdb/image/upload/t_thumb/plgm.jpg,902,9095c734-f2cb-69f4-0df4-1e3111622079
600,True,False,280,plgo,//images.igdb.com/igdb/image/upload/t_thumb/plgo.jpg,507,30832bed-9cc0-5b49-7460-1ee4f5247e2f
603,False,False,180,plgr,//images.igdb.com/igdb/image/upload/t_thumb/plgr.jpg,281,dbcf7916-1f67-125f-8e7c-85a22e5558d5
606,False,False,194,plgu,//images.igdb.com/igdb/image/upload/t_thumb/plgu.jpg,602,27b785b3-0a67-2b61-4f49-0bbaa4bb51b8
608,True,False,1617,plgw,//images.igdb.com/igdb/image/upload/t_thumb/plgw.jpg,2560,d5e8097c-6e7d-0dc7-0129-a57421228056
609,True,False,1617,plgx,//images.igdb.com/igdb/image/upload/t_thumb/plgx.jpg,2560,b5781f4b-9811-8aa1-b515-edb893f52ba7
610,False,False,2220,plgy,//images.igdb.com/igdb/image/upload/t_thumb/plgy.jpg,4060,34934e5e-164a-add5-f42e-371787c38a00
611,False,False,2220,plgz,//images.igdb.com/igdb/image/upload/t_thumb/plgz.jpg,4060,e0ba9f8f-257e-41ee-2a87-e06bed49a3e8
612,False,False,2220,plh0,//images.igdb.com/igdb/image/upload/t_thumb/plh0.jpg,4060,fa6b0325-7d0f-9eb4-fc39-2e0837c0ad68
613,False,False,1200,plh1,//images.igdb.com/igdb/image/upload/t_thumb/plh1.jpg,1200,98cbb049-763a-8729-12fd-ae9c8c8e52df
614,True,False,243,plh2,//images.igdb.com/igdb/image/upload/t_thumb/plh2.jpg,300,33cfefc1-be5c-ddf2-4843-39af29941fc1
615,True,False,243,plh3,//images.igdb.com/igdb/image/upload/t_thumb/plh3.jpg,300,cea47a0b-afd7-0d8e-a23b-f93d46dc7f8f
616,False,False,1200,plh4,//images.igdb.com/igdb/image/upload/t_thumb/plh4.jpg,1200,18a96587-7aa6-7518-030c-7651d73a655a
617,False,False,1200,plh5,//images.igdb.com/igdb/image/upload/t_thumb/plh5.jpg,1200,f7d76767-5a3f-fe9b-5191-4dede19516c0
618,False,False,2220,plh6,//images.igdb.com/igdb/image/upload/t_thumb/plh6.jpg,4060,a0318927-9a4b-8471-fffc-f6a789a7020e
619,True,False,243,plh7,//images.igdb.com/igdb/image/upload/t_thumb/plh7.jpg,300,5fdf043f-e238-c8a5-158c-e5898231e4a4
620,True,False,1777,plh8,//images.igdb.com/igdb/image/upload/t_thumb/plh8.jpg,3000,af552900-5654-359d-57ff-dafb67016c00
621,True,False,1777,plh9,//images.igdb.com/igdb/image/upload/t_thumb/plh9.jpg,3000,7d40d6d7-3049-7078-e7da-a9851daabbb3
622,True,False,1777,plha,//images.igdb.com/igdb/image/upload/t_thumb/plha.jpg,3000,9196e955-4972-6b17-79bb-c48da011f021
623,False,False,1200,plhb,//images.igdb.com/igdb/image/upload/t_thumb/plhb.jpg,1200,ba8013e6-c441-232c-8c9e-9caf465efc7a
625,False,False,57,plhd,//images.igdb.com/igdb/image/upload/t_thumb/plhd.jpg,130,e7342ffb-36a3-694e-6ec2-53853d8e3610
626,True,False,142,plhe,//images.igdb.com/igdb/image/upload/t_thumb/plhe.jpg,1280,f4f52a21-f942-f2aa-716c-78a595a9d29c
627,True,False,142,plhf,//images.igdb.com/igdb/image/upload/t_thumb/plhf.jpg,1280,6332f221-bbc6-9432-7df5-549613690dd6
628,False,False,57,plhg,//images.igdb.com/igdb/image/upload/t_thumb/plhg.jpg,130,b7e81062-af88-d14e-aa98-4b1b57b42594
630,True,False,561,plhi,//images.igdb.com/igdb/image/upload/t_thumb/plhi.jpg,293,4692708d-79aa-47ce-f8d7-b0634c476851
631,True,False,561,plhj,//images.igdb.com/igdb/image/upload/t_thumb/plhj.jpg,293,ae5b80ac-0a2f-e020-8bb2-6eb7ce2be674
660,True,False,280,plic,//images.igdb.com/igdb/image/upload/t_thumb/plic.jpg,280,3d058630-1649-1404-7b9e-6c600c99781d
661,True,False,547,plid,//images.igdb.com/igdb/image/upload/t_thumb/plid.jpg,2505,318db9e4-4400-aa5d-6b1b-d32014538c35
662,True,False,547,plie,//images.igdb.com/igdb/image/upload/t_thumb/plie.jpg,2505,3dc19af1-e62e-9ff8-bbca-e119b0c0242b
663,True,False,1135,plif,//images.igdb.com/igdb/image/upload/t_thumb/plif.jpg,1280,1326545c-54fb-f67d-ed63-17a6b6c738b0
664,True,False,1135,plig,//images.igdb.com/igdb/image/upload/t_thumb/plig.jpg,1280,ecb67cf8-b62e-87e3-f73f-4e541ddddf72
665,False,False,1014,plih,//images.igdb.com/igdb/image/upload/t_thumb/plih.jpg,3231,816fad95-fe46-dc1c-390e-607351479586
666,False,False,225,plii,//images.igdb.com/igdb/image/upload/t_thumb/plii.jpg,225,cf52eeac-0074-948c-6e4b-e234375550ff
667,True,False,800,plij,//images.igdb.com/igdb/image/upload/t_thumb/plij.jpg,602,5ac258a6-e149-d5a6-40cb-160a0372482a
668,True,False,800,plik,//images.igdb.com/igdb/image/upload/t_thumb/plik.jpg,602,a621a431-b95a-ae2a-8eb3-922ac946843a
669,True,False,37,plil,//images.igdb.com/igdb/image/upload/t_thumb/plil.jpg,330,c33e2b45-a8fa-7150-616e-b9dfea7194f0
670,False,False,69,plim,//images.igdb.com/igdb/image/upload/t_thumb/plim.jpg,375,b57766b0-b94b-0c4c-f814-d3385448e3ce
671,True,False,60,plin,//images.igdb.com/igdb/image/upload/t_thumb/plin.jpg,375,6ae9a615-a79b-57e2-2287-2718f9098c6b
672,True,False,60,plio,//images.igdb.com/igdb/image/upload/t_thumb/plio.jpg,375,47bb833c-2383-2e12-121a-8f6082eb7e7a
673,True,False,149,plip,//images.igdb.com/igdb/image/upload/t_thumb/plip.jpg,91,4c45040a-20aa-e3ce-6f5c-0e225d195cf9
674,True,False,64,pliq,//images.igdb.com/igdb/image/upload/t_thumb/pliq.jpg,375,7323118d-851b-150b-6ff1-ae14c0538e38
675,True,False,64,plir,//images.igdb.com/igdb/image/upload/t_thumb/plir.jpg,375,ce5c6037-a5ab-26a4-444e-f6822733d696
676,True,False,103,plis,//images.igdb.com/igdb/image/upload/t_thumb/plis.jpg,375,f5043908-4c79-7823-7dbd-0764e4e30706
677,True,False,50,plit,//images.igdb.com/igdb/image/upload/t_thumb/plit.jpg,300,028ff6ec-5b77-7522-d589-43ba378f38b1
678,True,False,85,pliu,//images.igdb.com/igdb/image/upload/t_thumb/pliu.jpg,96,537834ef-d9d5-f1ca-44e6-5843ff2c5777
679,True,False,85,pliv,//images.igdb.com/igdb/image/upload/t_thumb/pliv.jpg,96,67a59f2e-8db0-85a5-4f08-f9d185ee47c1
680,True,False,85,pliw,//images.igdb.com/igdb/image/upload/t_thumb/pliw.jpg,96,b0c7ca15-ac0c-8ad6-d188-bddca5fd22db
681,False,False,1200,plix,//images.igdb.com/igdb/image/upload/t_thumb/plix.jpg,1200,f4d9cbca-cc17-f726-517a-fd9195d7d494
682,True,False,30,pliy,//images.igdb.com/igdb/image/upload/t_thumb/pliy.jpg,225,68a2952e-82e6-3381-fed6-0337ff742739
683,True,False,30,pliz,//images.igdb.com/igdb/image/upload/t_thumb/pliz.jpg,225,28c1955b-4b3e-38b6-7342-27eeca50cc93
684,True,False,30,plj0,//images.igdb.com/igdb/image/upload/t_thumb/plj0.jpg,225,13f928cd-c74e-f03b-dc5d-492ed35bf3b1
685,True,False,30,plj1,//images.igdb.com/igdb/image/upload/t_thumb/plj1.jpg,225,9f36e2d3-b3a8-0b02-96c1-705891c161d5
686,True,False,150,plj2,//images.igdb.com/igdb/image/upload/t_thumb/plj2.jpg,290,35c4ce81-d594-4055-2071-71cb1fb8f55e
687,True,False,184,plj3,//images.igdb.com/igdb/image/upload/t_thumb/plj3.jpg,297,fa8b1ef4-fa1d-4260-4fae-09afd7231665
688,True,False,201,plj4,//images.igdb.com/igdb/image/upload/t_thumb/plj4.jpg,495,5c596934-fcc7-560b-3522-d825a9b33037
689,True,False,179,plj5,//images.igdb.com/igdb/image/upload/t_thumb/plj5.jpg,698,db832673-c940-5b5e-8317-8ad0f555861f
690,True,False,1088,plj6,//images.igdb.com/igdb/image/upload/t_thumb/plj6.jpg,2560,aa3d7421-e99c-59b2-b4a4-467fc769347a
691,True,False,126,plj7,//images.igdb.com/igdb/image/upload/t_thumb/plj7.jpg,790,19da1622-0423-6c91-e2b9-c55bfc62298b
692,True,False,768,plj8,//images.igdb.com/igdb/image/upload/t_thumb/plj8.jpg,2560,aa540d0d-0898-5e2d-ca4e-6d9131069b3c
693,False,False,625,plj9,//images.igdb.com/igdb/image/upload/t_thumb/plj9.jpg,1000,8658281d-3ddd-e0ca-f5bc-41b2ae1c8abf
694,True,False,800,plja,//images.igdb.com/igdb/image/upload/t_thumb/plja.jpg,800,2aaf884e-e6ea-ce16-6897-b32bbb8f8333
695,True,False,299,pljb,//images.igdb.com/igdb/image/upload/t_thumb/pljb.jpg,297,46034587-cd63-6eb9-7e08-205555cb6aa7
696,True,False,299,pljc,//images.igdb.com/igdb/image/upload/t_thumb/pljc.jpg,297,15bd0104-e8bf-38e2-8acc-0955bfd2589f
726,False,False,215,plk6,//images.igdb.com/igdb/image/upload/t_thumb/plk6.jpg,996,c23a3156-18fe-2c31-2000-73c9ade079c6
727,True,False,573,plk7,//images.igdb.com/igdb/image/upload/t_thumb/plk7.jpg,1920,87c9cc5a-b292-09f4-4de9-3e8c2ec25ec3
728,True,False,1000,plk8,//images.igdb.com/igdb/image/upload/t_thumb/plk8.jpg,1200,4298b59c-baad-31ac-62a7-425fecb77710
732,True,False,1010,plkc,//images.igdb.com/igdb/image/upload/t_thumb/plkc.jpg,2560,76b7c6ab-5ec4-5f50-52b2-32413db67002
734,False,False,617,plke,//images.igdb.com/igdb/image/upload/t_thumb/plke.jpg,1493,e9344165-44e7-4cd2-58ec-4fc563e5f187
735,False,False,617,plkf,//images.igdb.com/igdb/image/upload/t_thumb/plkf.jpg,1493,a15c5ea3-9fea-7ec0-a206-6ed9f3e9720c
739,True,False,428,plkj,//images.igdb.com/igdb/image/upload/t_thumb/plkj.jpg,839,ff1a5d9c-5d6f-a21a-6b09-19fbda2fa41f
740,True,False,183,plkk,//images.igdb.com/igdb/image/upload/t_thumb/plkk.jpg,1304,3ea05411-a5d3-5059-17d5-a0f720f0ba51
741,False,False,337,plkl,//images.igdb.com/igdb/image/upload/t_thumb/plkl.jpg,911,30aadbce-3d93-145a-df27-d207b0cb98cd
742,True,False,299,plkm,//images.igdb.com/igdb/image/upload/t_thumb/plkm.jpg,297,9da90b48-41ca-5c51-f482-b501f47cb702
743,True,False,175,plkn,//images.igdb.com/igdb/image/upload/t_thumb/plkn.jpg,400,c82c2643-2b27-7acb-c080-ea266a472016
744,False,False,150,plko,//images.igdb.com/igdb/image/upload/t_thumb/plko.jpg,580,c1ccaca9-8b99-8b59-596f-38d25138fdce
745,True,False,972,plkp,//images.igdb.com/igdb/image/upload/t_thumb/plkp.jpg,2500,a6596376-7375-670d-b9dd-49ede3572635
746,True,False,2128,plkq,//images.igdb.com/igdb/image/upload/t_thumb/plkq.jpg,2128,a023b973-b298-b591-a37d-11ad71ab832d
754,True,False,600,plky,//images.igdb.com/igdb/image/upload/t_thumb/plky.jpg,600,91d8674e-a898-a373-346a-4ceb7d14c542
755,False,False,637,plkz,//images.igdb.com/igdb/image/upload/t_thumb/plkz.jpg,1246,9b2e7f2b-e006-69a1-062a-1f1a6c625478
756,True,False,295,pll0,//images.igdb.com/igdb/image/upload/t_thumb/pll0.jpg,2560,5e858068-40bb-e3a3-76e5-baabf126d903
757,True,False,2048,pll1,//images.igdb.com/igdb/image/upload/t_thumb/pll1.jpg,2182,4f9b1ac7-6276-f088-ce3d-c6803a089c8f
759,False,False,248,pll3,//images.igdb.com/igdb/image/upload/t_thumb/pll3.jpg,264,a5f73694-52fa-d44d-7bb1-c093fee505a9
761,True,False,630,pll5,//images.igdb.com/igdb/image/upload/t_thumb/pll5.jpg,630,4c981afb-3474-9c92-eb01-66815a3f6166
763,False,False,1550,pll7,//images.igdb.com/igdb/image/upload/t_thumb/pll7.jpg,1550,4e0ce80a-3a66-450b-2afe-dd03562a315c
764,False,False,530,pll8,//images.igdb.com/igdb/image/upload/t_thumb/pll8.jpg,530,8f62808b-0f69-2e31-2c75-05a4023654ab
765,True,False,1414,pll9,//images.igdb.com/igdb/image/upload/t_thumb/pll9.jpg,1415,f4530ee4-e640-8b9e-86fc-864c4e8e7c2f
766,True,False,600,plla,//images.igdb.com/igdb/image/upload/t_thumb/plla.jpg,600,4faecab2-2194-4c71-d660-c234d0aa861f
793,True,False,174,plm1,//images.igdb.com/igdb/image/upload/t_thumb/plm1.jpg,800,86c4dd9a-043d-327f-3751-64c06c8315e6
794,True,False,174,plm2,//images.igdb.com/igdb/image/upload/t_thumb/plm2.jpg,800,1a7858df-ae6b-b331-0478-adbbefde86c6
795,True,False,174,plm3,//images.igdb.com/igdb/image/upload/t_thumb/plm3.jpg,800,265182ca-6eaa-e975-11be-784c70bb805a
796,True,False,391,plm4,//images.igdb.com/igdb/image/upload/t_thumb/plm4.jpg,500,61812977-89a3-c8b5-459d-03e2c3375b0e
797,False,False,53,plm5,//images.igdb.com/igdb/image/upload/t_thumb/plm5.jpg,728,8e68fc81-5061-54b9-fad8-3bdc302a57a0
798,False,False,40,plm6,//images.igdb.com/igdb/image/upload/t_thumb/plm6.jpg,470,5f04182e-f46d-0e77-c96b-56a3c55a7090
800,False,False,96,plm8,//images.igdb.com/igdb/image/upload/t_thumb/plm8.jpg,224,569a6d55-255e-96c4-cced-7021b2589c90
801,False,False,47,plm9,//images.igdb.com/igdb/image/upload/t_thumb/plm9.jpg,273,6d447e64-9c66-bdac-1683-4097421a47b9
802,True,False,68,plma,//images.igdb.com/igdb/image/upload/t_thumb/plma.jpg,500,b17fd67b-7d40-5e3e-d7e1-87366fb5b9e0
803,True,False,513,plmb,//images.igdb.com/igdb/image/upload/t_thumb/plmb.jpg,1920,b94295d8-69fd-70af-36e8-d6f5a3ec71b5
804,True,False,303,plmc,//images.igdb.com/igdb/image/upload/t_thumb/plmc.jpg,1280,490b2f15-91a2-8631-83e0-b83037de3068
805,False,False,1033,plmd,//images.igdb.com/igdb/image/upload/t_thumb/plmd.jpg,790,a2b551b9-c1e2-58aa-98e2-21e36d7fde42
806,True,False,312,plme,//images.igdb.com/igdb/image/upload/t_thumb/plme.jpg,1000,855e1d69-cd38-a4ab-9ff2-941f60191833
807,True,False,136,plmf,//images.igdb.com/igdb/image/upload/t_thumb/plmf.jpg,609,f7f52f5c-249b-7e77-dcb7-2c54b5655468
808,True,False,1578,plmg,//images.igdb.com/igdb/image/upload/t_thumb/plmg.jpg,7103,5c3b3da4-d22e-a3f5-5585-9d5edfa3dea1
809,False,False,90,plmh,//images.igdb.com/igdb/image/upload/t_thumb/plmh.jpg,350,44a537fe-d875-1528-27bd-1b6238852e41
810,True,False,132,plmi,//images.igdb.com/igdb/image/upload/t_thumb/plmi.jpg,500,ae231d26-79c2-852d-deeb-9f65b6e3fee8
811,True,False,544,plmj,//images.igdb.com/igdb/image/upload/t_thumb/plmj.jpg,1200,b545e68f-6369-55e1-a7f5-b03037ed3c2f
812,True,False,209,plmk,//images.igdb.com/igdb/image/upload/t_thumb/plmk.jpg,486,20c8e2a6-f948-9a38-d29a-f644f0dce874
813,True,False,781,plml,//images.igdb.com/igdb/image/upload/t_thumb/plml.jpg,2560,8994f4a3-2454-98f4-ca04-e1304f562d49
814,False,False,720,plmm,//images.igdb.com/igdb/image/upload/t_thumb/plmm.jpg,1280,aa07fc40-e8a4-5018-d3b8-2f1286a1a7e1
815,False,False,448,plmn,//images.igdb.com/igdb/image/upload/t_thumb/plmn.jpg,2560,59f4b02a-433e-c594-ac89-8453eaa555c7
816,True,False,1000,plmo,//images.igdb.com/igdb/image/upload/t_thumb/plmo.jpg,1000,fdbd53b9-ddcc-008b-a93c-20dce87ee11b
817,False,False,177,plmp,//images.igdb.com/igdb/image/upload/t_thumb/plmp.jpg,180,77dae4de-fb16-5723-2e29-d35ae2b31d44
818,True,False,180,plmq,//images.igdb.com/igdb/image/upload/t_thumb/plmq.jpg,180,8d5264d2-8f01-39b7-f70c-51b44967858b
819,True,False,180,plmr,//images.igdb.com/igdb/image/upload/t_thumb/plmr.jpg,180,ee631808-cf4e-d349-e254-8c8da2a8cebf
820,True,False,179,plms,//images.igdb.com/igdb/image/upload/t_thumb/plms.jpg,180,0e36afa9-4dfd-27d9-a10b-486917ff4747
821,True,False,180,plmt,//images.igdb.com/igdb/image/upload/t_thumb/plmt.jpg,180,cd387696-38f6-6dd1-caf5-24878972076a
822,True,False,187,plmu,//images.igdb.com/igdb/image/upload/t_thumb/plmu.jpg,180,0b521380-b500-33f0-c72e-334f139dca79
823,True,False,150,plmv,//images.igdb.com/igdb/image/upload/t_thumb/plmv.jpg,150,c2ba8a18-d3a9-99a0-451f-e1a5be79250f
824,True,False,180,plmw,//images.igdb.com/igdb/image/upload/t_thumb/plmw.jpg,180,eb2d240e-e87c-ffed-29cb-673483e44a95
825,False,False,90,plmx,//images.igdb.com/igdb/image/upload/t_thumb/plmx.jpg,90,721d7815-68a7-8c50-c36d-bbe56a42dd3f
826,True,False,200,plmy,//images.igdb.com/igdb/image/upload/t_thumb/plmy.jpg,451,cb5282bb-f870-299f-33b0-75b7b793ecd6
827,True,False,1198,plmz,//images.igdb.com/igdb/image/upload/t_thumb/plmz.jpg,990,c5266661-154a-7ac3-e056-c69f54a39dda
828,True,False,152,pln0,//images.igdb.com/igdb/image/upload/t_thumb/pln0.jpg,735,dacdbd25-31a4-4e9f-07cf-1dcb3aecde6d
829,True,False,233,pln1,//images.igdb.com/igdb/image/upload/t_thumb/pln1.jpg,644,ac82e69d-4efc-39cb-b208-e5d5372fc17a
831,True,False,110,pln3,//images.igdb.com/igdb/image/upload/t_thumb/pln3.jpg,640,b8d72acf-c99b-dae0-5465-9071aa2c092f
832,True,False,376,pln4,//images.igdb.com/igdb/image/upload/t_thumb/pln4.jpg,1200,663e2d13-4da0-7bc3-ae90-29629185c956
833,True,False,199,pln5,//images.igdb.com/igdb/image/upload/t_thumb/pln5.jpg,1920,ec9956ff-13b1-fadc-eb3f-2607d463251d
834,True,False,228,pln6,//images.igdb.com/igdb/image/upload/t_thumb/pln6.jpg,1920,58251ba3-2613-9c2d-9164-1cfc774afa65
836,True,False,1080,pln8,//images.igdb.com/igdb/image/upload/t_thumb/pln8.jpg,1920,07ff1171-510a-730a-e097-fe2d2f89f5e9
837,True,False,313,pln9,//images.igdb.com/igdb/image/upload/t_thumb/pln9.jpg,2560,cdefaaa8-b0ca-a031-83cc-462a1e3b8446
838,False,False,720,plna,//images.igdb.com/igdb/image/upload/t_thumb/plna.jpg,1280,932dc60e-bc94-2b69-dedb-c60f15d01784
839,True,False,1731,plnb,//images.igdb.com/igdb/image/upload/t_thumb/plnb.jpg,2643,640fdaaf-20b5-4177-c768-d8d5e544de72
840,True,False,152,plnc,//images.igdb.com/igdb/image/upload/t_thumb/plnc.jpg,1024,a108a3a2-ef53-6af9-ee2d-c7c85b2f1914
841,True,False,388,plnd,//images.igdb.com/igdb/image/upload/t_thumb/plnd.jpg,385,270bf760-2c96-6873-8525-573d8750dec4
842,False,False,136,plne,//images.igdb.com/igdb/image/upload/t_thumb/plne.jpg,1162,84fb45e8-48fc-3225-2401-dff8a30eb8ed
843,True,False,747,plnf,//images.igdb.com/igdb/image/upload/t_thumb/plnf.jpg,1024,0a27e656-093f-5880-b450-32c3c7a725e9
844,False,False,328,plng,//images.igdb.com/igdb/image/upload/t_thumb/plng.jpg,1999,28366918-54e0-912c-67c2-166caae4a086
845,False,False,168,plnh,//images.igdb.com/igdb/image/upload/t_thumb/plnh.jpg,300,ced17c32-92b1-8ea7-6b60-328af0f95bda
846,True,False,259,plni,//images.igdb.com/igdb/image/upload/t_thumb/plni.jpg,661,7722b831-cf52-0321-7176-3e0b8f6fa309
847,True,False,492,plnj,//images.igdb.com/igdb/image/upload/t_thumb/plnj.jpg,2560,5180ad16-f80c-5254-436c-046ea6e9d772
848,True,False,157,plnk,//images.igdb.com/igdb/image/upload/t_thumb/plnk.jpg,634,35052516-3a8e-3572-626e-322334dd3c3f
849,True,False,145,plnl,//images.igdb.com/igdb/image/upload/t_thumb/plnl.jpg,249,945012ed-ae9e-b0c5-92ce-81c05f9ea6aa
850,True,False,280,plnm,//images.igdb.com/igdb/image/upload/t_thumb/plnm.jpg,750,8c7e6d23-35c9-3a55-d639-984ebd3d52dc
851,False,False,1215,plnn,//images.igdb.com/igdb/image/upload/t_thumb/plnn.jpg,1280,0e1ad6aa-3dcb-08bb-a894-c0a953283c0b
852,False,False,121,plno,//images.igdb.com/igdb/image/upload/t_thumb/plno.jpg,238,ed717b83-c5be-3d0e-6915-ebf51e11dbae
853,False,False,121,plnp,//images.igdb.com/igdb/image/upload/t_thumb/plnp.jpg,238,892374d3-d51a-d33e-c3fa-bc3460d186b2
854,True,False,100,plnq,//images.igdb.com/igdb/image/upload/t_thumb/plnq.jpg,272,195ff72b-4861-c731-44c8-ee08a635855a
855,True,False,117,plnr,//images.igdb.com/igdb/image/upload/t_thumb/plnr.jpg,416,8a9fec03-dfa9-1076-1596-f4908f8602c7
856,True,False,186,plns,//images.igdb.com/igdb/image/upload/t_thumb/plns.jpg,420,ebb434d0-0f90-b3a1-e70e-b4e01e18c345
857,False,False,175,plnt,//images.igdb.com/igdb/image/upload/t_thumb/plnt.jpg,400,aea0d410-10ed-4f41-a46b-200529735922
858,True,False,175,plnu,//images.igdb.com/igdb/image/upload/t_thumb/plnu.jpg,2089,7eed8404-106c-8648-3815-76de49665e19
859,True,False,293,plnv,//images.igdb.com/igdb/image/upload/t_thumb/plnv.jpg,760,ce7b4bd7-afb9-b77c-025a-4bc86ffe3899
860,True,False,93,plnw,//images.igdb.com/igdb/image/upload/t_thumb/plnw.jpg,240,1e4359c2-55f0-08ab-1473-8420a7ffaf80
863,False,False,166,plnz,//images.igdb.com/igdb/image/upload/t_thumb/plnz.jpg,460,0dcf6f5f-5410-8ae7-7627-23d4f4bf2085
864,True,False,166,plo0,//images.igdb.com/igdb/image/upload/t_thumb/plo0.jpg,425,570dad55-cfd3-3ad9-c213-2150c4393d0a
865,True,False,290,plo1,//images.igdb.com/igdb/image/upload/t_thumb/plo1.jpg,760,6da3fa3e-3ec4-6fa5-0d88-e8a286db21e3
866,False,False,97,plo2,//images.igdb.com/igdb/image/upload/t_thumb/plo2.jpg,374,9a1be4e6-72b4-75c4-61bf-9fdef253912d
867,True,False,512,plo3,//images.igdb.com/igdb/image/upload/t_thumb/plo3.jpg,512,31a79fb0-e1b9-fd83-77a2-ac501228aa22
868,True,False,833,plo4,//images.igdb.com/igdb/image/upload/t_thumb/plo4.jpg,2667,68d17586-4415-3ea3-c902-b93de3deefc8
869,True,False,112,plo5,//images.igdb.com/igdb/image/upload/t_thumb/plo5.jpg,800,9dc642cd-d16b-3d12-7772-2d44948a4a03
891,True,False,339,plor,//images.igdb.com/igdb/image/upload/t_thumb/plor.jpg,1276,7173068d-7978-3555-ce93-38f2b5f7b398
892,False,False,563,plos,//images.igdb.com/igdb/image/upload/t_thumb/plos.jpg,1000,d6cb68f8-909c-2b22-1a4a-c3af7edd3e30
893,False,False,364,plot,//images.igdb.com/igdb/image/upload/t_thumb/plot.jpg,448,88384d18-abd4-acb4-6b06-0a09dea5034b
894,False,False,293,plou,//images.igdb.com/igdb/image/upload/t_thumb/plou.jpg,760,19db4da4-271d-90bf-d7b6-9576ebe194d3
895,False,False,293,plov,//images.igdb.com/igdb/image/upload/t_thumb/plov.jpg,760,d0f66bf9-17e8-921a-c73b-3edff488fe9a
896,False,False,1080,plow,//images.igdb.com/igdb/image/upload/t_thumb/plow.jpg,1920,931a507d-c4b3-feec-a7a7-8cd17c95db96
897,False,False,171,plox,//images.igdb.com/igdb/image/upload/t_thumb/plox.jpg,636,cb3331bb-b967-ec58-fd77-ee625f397f59
898,True,False,88,ploy,//images.igdb.com/igdb/image/upload/t_thumb/ploy.jpg,300,a66ff77b-82fd-8ee9-ca97-fded8e1c6928
899,True,False,451,ploz,//images.igdb.com/igdb/image/upload/t_thumb/ploz.jpg,603,4b1c31ec-1b91-c77a-0ed6-a605c2db5e79
900,False,False,160,plp0,//images.igdb.com/igdb/image/upload/t_thumb/plp0.jpg,160,7aeb95a2-c21b-d49d-2a6f-bcdfe61c48f0
